{
  "type": "FeatureCollection",
  "generator": "overpass-turbo",
  "copyright": "The data included in this document is from www.openstreetmap.org. The data is made available under ODbL.",
  "timestamp": "2026-09-02T20:52:10Z",
  "features": [
    {
      "type": "Feature",
      "properties": {
        "@id": "way/39333604",
        "addr:city": "Bath",
        "addr:country": "GB",
        "addr:postcode": "BA1 1LT",
        "addr:street": "Abbey Churchyard",
        "amenity": "place_of_worship",
        "building": "church",
        "building:architecture": "gothic",
        "denomination": "anglican",
        "description": "Anglican parish church and former Benedictine monastery founded in the 7th century.",
        "diocese": "Diocese of Bath and Wells",
        "fhrs:id": "1551485",
        "height": "49",
        "heritage": "2",
        "heritage:operator": "he",
        "heritage:website": "https://historicengland.org.uk/listing/the-list/list-entry/1394015",
        "historic": "place_of_worship",
        "listed_status": "Grade I",
        "name": "Bath Abbey",
        "not:addr:postcode": "yes",
        "official_name": "Abbey Church of Saint Peter and Saint Paul, Bath",
        "ref:GB:nhle": "1394015",
        "ref:dove": "11365",
        "religion": "christian",
        "source:description": "en:wikipedia",
        "tourism": "attraction",
        "website": "https://www.bathabbey.org/",
        "wheelchair": "yes",
        "wikidata": "Q334399",
        "wikipedia": "en:Bath Abbey"
      },
      "geometry": {
        "type": "Polygon",
        "coordinates": [
          [
            [
              -2.3593694,
              51.3815049
            ],
            [
              -2.3593198,
              51.3812713
            ],
            [
              -2.3592267,
              51.381279
            ],
            [
              -2.3592155,
              51.3812262
            ],
            [
              -2.3588413,
              51.3812572
            ],
            [
              -2.3587923,
              51.3812614
            ],
            [
              -2.3587846,
              51.381226
            ],
            [
              -2.3586547,
              51.3812371
            ],
            [
              -2.3586607,
              51.3812648
            ],
            [
              -2.3585548,
              51.3812738
            ],
            [
              -2.3585651,
              51.3813209
            ],
            [
              -2.358327,
              51.3813412
            ],
            [
              -2.3583407,
              51.3814039
            ],
            [
              -2.3583616,
              51.3814021
            ],
            [
              -2.3583868,
              51.381517
            ],
            [
              -2.3583641,
              51.381519
            ],
            [
              -2.3583685,
              51.381539
            ],
            [
              -2.3583799,
              51.3815926
            ],
            [
              -2.3586936,
              51.3815666
            ],
            [
              -2.3587069,
              51.3816293
            ],
            [
              -2.358864,
              51.3816163
            ],
            [
              -2.3588494,
              51.3815479
            ],
            [
              -2.3593694,
              51.3815049
            ]
          ]
        ]
      },
      "id": "way/39333604"
    },
    {
      "type": "Feature",
      "properties": {
        "@id": "way/47005215",
        "barrier": "fence",
        "leisure": "garden",
        "name": "Botanical Gardens",
        "website": "https://www.bathnes.gov.uk/services/sport-leisure-and-parks/parks-opening-times-and-locations/botanic-gardens",
        "wikidata": "Q5926475"
      },
      "geometry": {
        "type": "Polygon",
        "coordinates": [
          [
            [
              -2.3780604,
              51.387441
            ],
            [
              -2.3778708,
              51.3873761
            ],
            [
              -2.3775029,
              51.3873101
            ],
            [
              -2.3773423,
              51.3872891
            ],
            [
              -2.3769636,
              51.3872886
            ],
            [
              -2.3767697,
              51.3872983
            ],
            [
              -2.3765523,
              51.3873251
            ],
            [
              -2.3757486,
              51.3874845
            ],
            [
              -2.3748916,
              51.3876627
            ],
            [
              -2.374779,
              51.3877213
            ],
            [
              -2.374759,
              51.3877503
            ],
            [
              -2.374728,
              51.387795
            ],
            [
              -2.374728,
              51.3880435
            ],
            [
              -2.3748782,
              51.3883975
            ],
            [
              -2.3749292,
              51.3884294
            ],
            [
              -2.3750137,
              51.3884411
            ],
            [
              -2.3758961,
              51.3884997
            ],
            [
              -2.3765431,
              51.3884076
            ],
            [
              -2.377248,
              51.3882911
            ],
            [
              -2.3774362,
              51.3882434
            ],
            [
              -2.3776403,
              51.3881546
            ],
            [
              -2.3777919,
              51.3880621
            ],
            [
              -2.3778957,
              51.3879347
            ],
            [
              -2.3779708,
              51.3878176
            ],
            [
              -2.3780938,
              51.3875066
            ],
            [
              -2.378116,
              51.3874505
            ],
            [
              -2.3780604,
              51.387441
            ]
          ]
        ]
      },
      "id": "way/47005215"
    },
    {
      "type": "Feature",
      "properties": {
        "@id": "way/47916322",
        "amenity": "community_centre",
        "building": "yes",
        "name": "Temple of Minerva",
        "source": "May 2013 visit",
        "wikidata": "Q26673815"
      },
      "geometry": {
        "type": "Polygon",
        "coordinates": [
          [
            [
              -2.3759931,
              51.3884274
            ],
            [
              -2.3760389,
              51.3883827
            ],
            [
              -2.375966,
              51.3883536
            ],
            [
              -2.3759202,
              51.3883983
            ],
            [
              -2.3759931,
              51.3884274
            ]
          ]
        ]
      },
      "id": "way/47916322"
    },
    {
      "type": "Feature",
      "properties": {
        "@id": "way/55200146",
        "area": "yes",
        "highway": "pedestrian",
        "name": "Gravel Walk",
        "surface": "gravel"
      },
      "geometry": {
        "type": "Polygon",
        "coordinates": [
          [
            [
              -2.3669009,
              51.3859574
            ],
            [
              -2.3667782,
              51.3862429
            ],
            [
              -2.3667296,
              51.3863567
            ],
            [
              -2.3667229,
              51.3863709
            ],
            [
              -2.3668024,
              51.3863831
            ],
            [
              -2.3668597,
              51.3863923
            ],
            [
              -2.3668889,
              51.3863314
            ],
            [
              -2.3670677,
              51.3859247
            ],
            [
              -2.3670562,
              51.3858807
            ],
            [
              -2.3670187,
              51.3858612
            ],
            [
              -2.3656025,
              51.385626
            ],
            [
              -2.365511,
              51.3855844
            ],
            [
              -2.3652866,
              51.3853871
            ],
            [
              -2.3651388,
              51.3852788
            ],
            [
              -2.3650723,
              51.3852417
            ],
            [
              -2.3648635,
              51.3851448
            ],
            [
              -2.3647246,
              51.3850961
            ],
            [
              -2.3646963,
              51.385082
            ],
            [
              -2.3646719,
              51.3850594
            ],
            [
              -2.3643696,
              51.3843449
            ],
            [
              -2.3643118,
              51.3843541
            ],
            [
              -2.3642328,
              51.3843673
            ],
            [
              -2.3643304,
              51.3846316
            ],
            [
              -2.3644036,
              51.3848164
            ],
            [
              -2.3645195,
              51.3851082
            ],
            [
              -2.3648022,
              51.3852587
            ],
            [
              -2.3648354,
              51.3852726
            ],
            [
              -2.3649515,
              51.3853309
            ],
            [
              -2.3650999,
              51.3854144
            ],
            [
              -2.3654081,
              51.3856912
            ],
            [
              -2.3657005,
              51.3857453
            ],
            [
              -2.3659009,
              51.3857785
            ],
            [
              -2.3661083,
              51.3858141
            ],
            [
              -2.3666847,
              51.385918
            ],
            [
              -2.3669009,
              51.3859574
            ]
          ]
        ]
      },
      "id": "way/55200146"
    },
    {
      "type": "Feature",
      "properties": {
        "@id": "way/59967625",
        "leisure": "park",
        "name": "Queen Square",
        "name:be": "Каралеўская плошча",
        "name:en": "Queen Square",
        "name:ru": "Королевская площадь",
        "name:uk": "Королівська площа",
        "wikidata": "Q7270509",
        "wikipedia": "en:Queen Square, Bath"
      },
      "geometry": {
        "type": "Polygon",
        "coordinates": [
          [
            [
              -2.3639273,
              51.3830772
            ],
            [
              -2.3635151,
              51.3831404
            ],
            [
              -2.3634932,
              51.3831438
            ],
            [
              -2.363473,
              51.3831471
            ],
            [
              -2.3630615,
              51.3832128
            ],
            [
              -2.3631724,
              51.3834833
            ],
            [
              -2.3632801,
              51.3837523
            ],
            [
              -2.3641422,
              51.3836179
            ],
            [
              -2.3640349,
              51.3833499
            ],
            [
              -2.3639273,
              51.3830772
            ]
          ]
        ]
      },
      "id": "way/59967625"
    },
    {
      "type": "Feature",
      "properties": {
        "@id": "way/89884077",
        "area": "yes",
        "foot": "yes",
        "highway": "pedestrian",
        "lit": "yes",
        "name": "Stall Street",
        "surface": "sett",
        "wikidata": "Q7597297"
      },
      "geometry": {
        "type": "Polygon",
        "coordinates": [
          [
            [
              -2.3601074,
              51.3807983
            ],
            [
              -2.3602322,
              51.3810859
            ],
            [
              -2.3602903,
              51.3810784
            ],
            [
              -2.3603368,
              51.3810667
            ],
            [
              -2.3603683,
              51.3810319
            ],
            [
              -2.3603911,
              51.3809926
            ],
            [
              -2.3603951,
              51.3809612
            ],
            [
              -2.3603824,
              51.3808956
            ],
            [
              -2.3603556,
              51.3808654
            ],
            [
              -2.3603133,
              51.3808357
            ],
            [
              -2.3602631,
              51.3808131
            ],
            [
              -2.3602262,
              51.3808012
            ],
            [
              -2.3601853,
              51.3807929
            ],
            [
              -2.3601421,
              51.3807934
            ],
            [
              -2.3601074,
              51.3807983
            ]
          ]
        ]
      },
      "id": "way/89884077"
    },
    {
      "type": "Feature",
      "properties": {
        "@id": "way/369771678",
        "addr:city": "Bath",
        "architect": "Robert Adam",
        "architect:wikidata": "Q312635",
        "bridge:structure": "arch",
        "heritage:website": "https://historicengland.org.uk/listing/the-list/list-entry/1394514",
        "historic": "bridge",
        "layer": "1",
        "listed_status": "Grade I",
        "man_made": "bridge",
        "name": "Pulteney Bridge",
        "ref:GB:nhle": "1394514",
        "start_date": "1774",
        "wikidata": "Q2450190",
        "wikipedia": "en:Pulteney Bridge",
        "year_of_construction": "1769-1774"
      },
      "geometry": {
        "type": "Polygon",
        "coordinates": [
          [
            [
              -2.3582444,
              51.3830255
            ],
            [
              -2.3581916,
              51.3829698
            ],
            [
              -2.3581599,
              51.3829394
            ],
            [
              -2.3581211,
              51.3829022
            ],
            [
              -2.3580912,
              51.3828726
            ],
            [
              -2.3579408,
              51.3829303
            ],
            [
              -2.3579113,
              51.3829222
            ],
            [
              -2.3579093,
              51.3829422
            ],
            [
              -2.3577832,
              51.3829905
            ],
            [
              -2.3577576,
              51.3829855
            ],
            [
              -2.3577556,
              51.3830013
            ],
            [
              -2.357602,
              51.3830598
            ],
            [
              -2.3576327,
              51.3830918
            ],
            [
              -2.3576622,
              51.3831224
            ],
            [
              -2.3576974,
              51.383158
            ],
            [
              -2.3577363,
              51.3831972
            ],
            [
              -2.3577461,
              51.3832064
            ],
            [
              -2.3582444,
              51.3830255
            ]
          ]
        ]
      },
      "id": "way/369771678"
    },
    {
      "type": "Feature",
      "properties": {
        "@id": "way/380822175",
        "addr:housenumber": "17",
        "addr:postcode": "BA1 1RE",
        "addr:street": "Union Passage",
        "building": "retail",
        "name": "Botanica Studio",
        "note": "potted plants rather than bouquet",
        "shop": "florist",
        "website": "https://www.botanicastudio.co.uk/"
      },
      "geometry": {
        "type": "Polygon",
        "coordinates": [
          [
            [
              -2.3600736,
              51.3824586
            ],
            [
              -2.3600998,
              51.3825154
            ],
            [
              -2.3602801,
              51.3824856
            ],
            [
              -2.36026,
              51.3824365
            ],
            [
              -2.3600736,
              51.3824586
            ]
          ]
        ]
      },
      "id": "way/380822175"
    },
    {
      "type": "Feature",
      "properties": {
        "@id": "way/383353893",
        "area": "yes",
        "highway": "pedestrian",
        "lit": "yes",
        "name": "Southgate Street",
        "surface": "paving_stones"
      },
      "geometry": {
        "type": "Polygon",
        "coordinates": [
          [
            [
              -2.3596439,
              51.3796235
            ],
            [
              -2.3597436,
              51.3796253
            ],
            [
              -2.3598628,
              51.3796275
            ],
            [
              -2.3598317,
              51.3795927
            ],
            [
              -2.3598305,
              51.3795534
            ],
            [
              -2.3598294,
              51.3794706
            ],
            [
              -2.3598282,
              51.3794151
            ],
            [
              -2.3598264,
              51.3793055
            ],
            [
              -2.359825,
              51.3792334
            ],
            [
              -2.3598229,
              51.3791245
            ],
            [
              -2.3598201,
              51.3789665
            ],
            [
              -2.359818,
              51.3788615
            ],
            [
              -2.3598182,
              51.3788436
            ],
            [
              -2.359816,
              51.3787292
            ],
            [
              -2.3598142,
              51.3786362
            ],
            [
              -2.359814,
              51.378631
            ],
            [
              -2.3598262,
              51.3786212
            ],
            [
              -2.3598475,
              51.3786075
            ],
            [
              -2.3598938,
              51.3786083
            ],
            [
              -2.3599419,
              51.3786205
            ],
            [
              -2.3599583,
              51.3786157
            ],
            [
              -2.3599777,
              51.37861
            ],
            [
              -2.3599412,
              51.3785865
            ],
            [
              -2.3598146,
              51.3785052
            ],
            [
              -2.3597436,
              51.3784132
            ],
            [
              -2.3597132,
              51.3783521
            ],
            [
              -2.3597116,
              51.3782774
            ],
            [
              -2.3597109,
              51.378247
            ],
            [
              -2.3596795,
              51.3782473
            ],
            [
              -2.3596507,
              51.3782456
            ],
            [
              -2.359653,
              51.3784116
            ],
            [
              -2.3596599,
              51.378611
            ],
            [
              -2.3596272,
              51.3786114
            ],
            [
              -2.3596281,
              51.3786455
            ],
            [
              -2.3596259,
              51.3786781
            ],
            [
              -2.3596273,
              51.378721
            ],
            [
              -2.359631,
              51.3788335
            ],
            [
              -2.359633,
              51.3788954
            ],
            [
              -2.3596348,
              51.3789503
            ],
            [
              -2.3596356,
              51.3789731
            ],
            [
              -2.359636,
              51.3789941
            ],
            [
              -2.3596372,
              51.3790688
            ],
            [
              -2.3596391,
              51.3791847
            ],
            [
              -2.35964,
              51.3792387
            ],
            [
              -2.3596402,
              51.3792518
            ],
            [
              -2.359641,
              51.3793115
            ],
            [
              -2.3596431,
              51.3794605
            ],
            [
              -2.3596439,
              51.3796235
            ]
          ]
        ]
      },
      "id": "way/383353893"
    },
    {
      "type": "Feature",
      "properties": {
        "@id": "way/444067360",
        "addr:city": "Bath",
        "heritage": "2",
        "heritage:operator": "he",
        "heritage:website": "https://historicengland.org.uk/listing/the-list/list-entry/1001257",
        "historic": "park",
        "leisure": "park",
        "listed_status": "Grade I",
        "name": "Royal Victoria Park",
        "name:be": "Каралеўскі парк Вікторыі",
        "name:en": "Royal Victoria Park",
        "name:ru": "Королевский парк Виктории",
        "name:uk": "Королівський парк Вікторія",
        "ref:GB:nhle": "1001257",
        "wikidata": "Q7374979",
        "wikipedia": "en:Royal Victoria Park, Bath"
      },
      "geometry": {
        "type": "Polygon",
        "coordinates": [
          [
            [
              -2.3670187,
              51.3858612
            ],
            [
              -2.3670562,
              51.3858807
            ],
            [
              -2.3670677,
              51.3859247
            ],
            [
              -2.3668889,
              51.3863314
            ],
            [
              -2.3668597,
              51.3863923
            ],
            [
              -2.3674512,
              51.3864878
            ],
            [
              -2.3694387,
              51.3868469
            ],
            [
              -2.3698142,
              51.3868961
            ],
            [
              -2.3698384,
              51.386895
            ],
            [
              -2.3699384,
              51.3868775
            ],
            [
              -2.3699909,
              51.3868579
            ],
            [
              -2.3700254,
              51.3868372
            ],
            [
              -2.3700569,
              51.3868159
            ],
            [
              -2.3703593,
              51.386153
            ],
            [
              -2.3705371,
              51.3858377
            ],
            [
              -2.3706902,
              51.3858492
            ],
            [
              -2.3709652,
              51.3858786
            ],
            [
              -2.371331,
              51.385911
            ],
            [
              -2.3715098,
              51.3861077
            ],
            [
              -2.3715963,
              51.3861942
            ],
            [
              -2.3716476,
              51.3862454
            ],
            [
              -2.3717659,
              51.3862752
            ],
            [
              -2.3717621,
              51.3863222
            ],
            [
              -2.3720352,
              51.3863546
            ],
            [
              -2.3724495,
              51.386199
            ],
            [
              -2.3727483,
              51.3861924
            ],
            [
              -2.3728773,
              51.3862349
            ],
            [
              -2.3728391,
              51.3863404
            ],
            [
              -2.3724347,
              51.386589
            ],
            [
              -2.3721062,
              51.3867973
            ],
            [
              -2.3720084,
              51.3868644
            ],
            [
              -2.37192,
              51.3869289
            ],
            [
              -2.3717386,
              51.3871093
            ],
            [
              -2.3715733,
              51.3873163
            ],
            [
              -2.3714712,
              51.3875436
            ],
            [
              -2.3714114,
              51.387673
            ],
            [
              -2.3714068,
              51.3877862
            ],
            [
              -2.3714687,
              51.3880563
            ],
            [
              -2.3715583,
              51.3882017
            ],
            [
              -2.3715693,
              51.3882575
            ],
            [
              -2.3715528,
              51.3882947
            ],
            [
              -2.371705,
              51.3883127
            ],
            [
              -2.3717008,
              51.3883375
            ],
            [
              -2.3717178,
              51.3883631
            ],
            [
              -2.3717663,
              51.3883809
            ],
            [
              -2.3730635,
              51.3886396
            ],
            [
              -2.3766418,
              51.3889455
            ],
            [
              -2.376675,
              51.3889474
            ],
            [
              -2.377342,
              51.3890124
            ],
            [
              -2.3775925,
              51.3890509
            ],
            [
              -2.3780264,
              51.389157
            ],
            [
              -2.3781228,
              51.3891646
            ],
            [
              -2.3781894,
              51.3891589
            ],
            [
              -2.3782331,
              51.3891318
            ],
            [
              -2.3782287,
              51.3891
            ],
            [
              -2.3784163,
              51.3890757
            ],
            [
              -2.3784684,
              51.3889223
            ],
            [
              -2.3785561,
              51.38865
            ],
            [
              -2.3786042,
              51.3883636
            ],
            [
              -2.3786149,
              51.3882002
            ],
            [
              -2.378673,
              51.3873132
            ],
            [
              -2.3786684,
              51.3865992
            ],
            [
              -2.3786677,
              51.3864859
            ],
            [
              -2.3785314,
              51.3859916
            ],
            [
              -2.3782914,
              51.38575
            ],
            [
              -2.3782851,
              51.3857414
            ],
            [
              -2.3782476,
              51.3857089
            ],
            [
              -2.3781707,
              51.3856755
            ],
            [
              -2.3780365,
              51.385642
            ],
            [
              -2.3778693,
              51.3856063
            ],
            [
              -2.3768119,
              51.38547
            ],
            [
              -2.3754813,
              51.3852668
            ],
            [
              -2.3754467,
              51.3853066
            ],
            [
              -2.375379,
              51.3853846
            ],
            [
              -2.3753275,
              51.3854113
            ],
            [
              -2.3752417,
              51.3854328
            ],
            [
              -2.3751102,
              51.3859464
            ],
            [
              -2.3736453,
              51.3858134
            ],
            [
              -2.3736009,
              51.3858095
            ],
            [
              -2.3735838,
              51.3858099
            ],
            [
              -2.3708044,
              51.3855913
            ],
            [
              -2.3707484,
              51.3855869
            ],
            [
              -2.3705816,
              51.3855584
            ],
            [
              -2.3703764,
              51.3855583
            ],
            [
              -2.3702939,
              51.3855425
            ],
            [
              -2.370222,
              51.3855077
            ],
            [
              -2.3701621,
              51.3854411
            ],
            [
              -2.3701518,
              51.3853406
            ],
            [
              -2.3701222,
              51.3852314
            ],
            [
              -2.3699383,
              51.3851036
            ],
            [
              -2.3698014,
              51.3850541
            ],
            [
              -2.369674,
              51.3850432
            ],
            [
              -2.3694251,
              51.38507
            ],
            [
              -2.3692342,
              51.3850715
            ],
            [
              -2.3690663,
              51.3850462
            ],
            [
              -2.3688504,
              51.3849818
            ],
            [
              -2.3688846,
              51.3849495
            ],
            [
              -2.3686862,
              51.3849035
            ],
            [
              -2.3686928,
              51.3848494
            ],
            [
              -2.3685173,
              51.3847722
            ],
            [
              -2.3683594,
              51.3847213
            ],
            [
              -2.3681348,
              51.3846867
            ],
            [
              -2.3678976,
              51.3846724
            ],
            [
              -2.3674137,
              51.3847179
            ],
            [
              -2.3672456,
              51.3847662
            ],
            [
              -2.3671489,
              51.3848466
            ],
            [
              -2.3671009,
              51.3849344
            ],
            [
              -2.3664732,
              51.3848079
            ],
            [
              -2.3667198,
              51.3843787
            ],
            [
              -2.3657971,
              51.3840077
            ],
            [
              -2.3655302,
              51.3842217
            ],
            [
              -2.3654063,
              51.3842549
            ],
            [
              -2.3650836,
              51.3844034
            ],
            [
              -2.3645305,
              51.3844769
            ],
            [
              -2.3645003,
              51.3844154
            ],
            [
              -2.3644712,
              51.3843771
            ],
            [
              -2.3644234,
              51.3843482
            ],
            [
              -2.3643696,
              51.3843449
            ],
            [
              -2.3646719,
              51.3850594
            ],
            [
              -2.3646963,
              51.385082
            ],
            [
              -2.3647246,
              51.3850961
            ],
            [
              -2.3648635,
              51.3851448
            ],
            [
              -2.3650723,
              51.3852417
            ],
            [
              -2.3651388,
              51.3852788
            ],
            [
              -2.3652866,
              51.3853871
            ],
            [
              -2.365511,
              51.3855844
            ],
            [
              -2.3656025,
              51.385626
            ],
            [
              -2.3670187,
              51.3858612
            ]
          ]
        ]
      },
      "id": "way/444067360"
    },
    {
      "type": "Feature",
      "properties": {
        "@id": "way/462311708",
        "addr:housenumber": "1a",
        "addr:postcode": "BA2 4NG",
        "addr:street": "Prior Park Road",
        "building": "retail",
        "craft": "distillery",
        "facebook": "https://www.facebook.com/Bathbotanicalgindistillery",
        "fhrs:id": "917888",
        "name": "Bath Botanical Gin Distillery",
        "shop": "alcohol",
        "wheelchair": "limited"
      },
      "geometry": {
        "type": "Polygon",
        "coordinates": [
          [
            [
              -2.3530925,
              51.3761692
            ],
            [
              -2.3530488,
              51.3761284
            ],
            [
              -2.3529602,
              51.3761658
            ],
            [
              -2.353003,
              51.3762049
            ],
            [
              -2.3530925,
              51.3761692
            ]
          ]
        ]
      },
      "id": "way/462311708"
    },
    {
      "type": "Feature",
      "properties": {
        "@id": "way/594364538",
        "addr:housenumber": "7",
        "addr:postcode": "BA1 5LS",
        "addr:street": "The Paragon",
        "addr:terrace": "Bladud Buildings",
        "amenity": "bar",
        "building": "retail",
        "check_date": "2026-05-31",
        "fhrs:id": "1558140",
        "name": "Bath Cider House",
        "website": "https://www.bathciderhouse.co.uk/",
        "wheelchair": "limited"
      },
      "geometry": {
        "type": "Polygon",
        "coordinates": [
          [
            [
              -2.3603212,
              51.3854796
            ],
            [
              -2.3604573,
              51.3855037
            ],
            [
              -2.3604765,
              51.3855071
            ],
            [
              -2.3605032,
              51.3854484
            ],
            [
              -2.3603502,
              51.3854195
            ],
            [
              -2.3603212,
              51.3854796
            ]
          ]
        ]
      },
      "id": "way/594364538"
    },
    {
      "type": "Feature",
      "properties": {
        "@id": "way/1119210572",
        "access": "yes",
        "amenity": "parking",
        "capacity": "1056",
        "fee": "yes",
        "name": "Charlotte Street Car Park",
        "parking": "surface",
        "wheelchair": "yes"
      },
      "geometry": {
        "type": "Polygon",
        "coordinates": [
          [
            [
              -2.366619,
              51.3842998
            ],
            [
              -2.3666512,
              51.384258
            ],
            [
              -2.3659962,
              51.3839741
            ],
            [
              -2.365951,
              51.3839492
            ],
            [
              -2.3659017,
              51.3838924
            ],
            [
              -2.36573,
              51.3838977
            ],
            [
              -2.3657409,
              51.3840064
            ],
            [
              -2.3658816,
              51.3840005
            ],
            [
              -2.366619,
              51.3842998
            ]
          ]
        ]
      },
      "id": "way/1119210572"
    },
    {
      "type": "Feature",
      "properties": {
        "@id": "way/1119210573",
        "access": "yes",
        "amenity": "parking",
        "capacity": "1056",
        "fee": "yes",
        "name": "Charlotte Street Car Park",
        "parking": "surface",
        "wheelchair": "yes"
      },
      "geometry": {
        "type": "Polygon",
        "coordinates": [
          [
            [
              -2.3704703,
              51.3846605
            ],
            [
              -2.3706482,
              51.3843042
            ],
            [
              -2.3706241,
              51.3842975
            ],
            [
              -2.3692851,
              51.3840272
            ],
            [
              -2.3675271,
              51.3837302
            ],
            [
              -2.3670482,
              51.3837409
            ],
            [
              -2.3668686,
              51.383745
            ],
            [
              -2.366786,
              51.3840966
            ],
            [
              -2.3669003,
              51.3841072
            ],
            [
              -2.367017,
              51.3840721
            ],
            [
              -2.3673201,
              51.3840603
            ],
            [
              -2.3674167,
              51.3840754
            ],
            [
              -2.3673928,
              51.3842152
            ],
            [
              -2.3671702,
              51.3841959
            ],
            [
              -2.366889,
              51.3843382
            ],
            [
              -2.3667426,
              51.3844117
            ],
            [
              -2.3666771,
              51.3844786
            ],
            [
              -2.3664817,
              51.3848066
            ],
            [
              -2.3670978,
              51.384928
            ],
            [
              -2.3671383,
              51.3848626
            ],
            [
              -2.3672422,
              51.3847639
            ],
            [
              -2.3674099,
              51.3847152
            ],
            [
              -2.3678953,
              51.384665
            ],
            [
              -2.3681264,
              51.3846794
            ],
            [
              -2.3683632,
              51.3847153
            ],
            [
              -2.3685058,
              51.3847598
            ],
            [
              -2.3686941,
              51.3848446
            ],
            [
              -2.3687301,
              51.3847916
            ],
            [
              -2.3689907,
              51.3848717
            ],
            [
              -2.3689374,
              51.384997
            ],
            [
              -2.3690678,
              51.3850412
            ],
            [
              -2.3692405,
              51.3850653
            ],
            [
              -2.3694206,
              51.3850619
            ],
            [
              -2.3696724,
              51.3850358
            ],
            [
              -2.3697544,
              51.3850449
            ],
            [
              -2.3697757,
              51.3850103
            ],
            [
              -2.3697999,
              51.385023
            ],
            [
              -2.3699396,
              51.3850963
            ],
            [
              -2.3699776,
              51.3850868
            ],
            [
              -2.3702704,
              51.3849337
            ],
            [
              -2.3704703,
              51.3846605
            ]
          ]
        ]
      },
      "id": "way/1119210573"
    },
    {
      "type": "Feature",
      "properties": {
        "@id": "way/209",
        "addr:street": "George Street",
        "highway": "primary",
        "lanes": "3",
        "lanes:backward": "2",
        "lanes:forward": "1",
        "maxspeed": "20 mph",
        "maxweight": "7.5",
        "maxweight:conditional": "none @ delivery",
        "name": "George Street",
        "ref": "A4",
        "surface": "asphalt",
        "turn:lanes:backward": "left|through",
        "wikidata": "Q117189118"
      },
      "geometry": {
        "type": "LineString",
        "coordinates": [
          [
            -2.3607658,
            51.3852063
          ],
          [
            -2.3608272,
            51.385173
          ],
          [
            -2.3608873,
            51.3851506
          ],
          [
            -2.3609162,
            51.3851399
          ],
          [
            -2.3615137,
            51.3849967
          ]
        ]
      },
      "id": "way/209"
    },
    {
      "type": "Feature",
      "properties": {
        "@id": "way/210",
        "highway": "primary",
        "lanes": "2",
        "maxspeed": "20 mph",
        "maxweight": "7.5",
        "maxweight:conditional": "none @ delivery",
        "name": "Gay Street",
        "ref": "A4",
        "sidewalk": "both",
        "surface": "asphalt",
        "wikidata": "Q5528646"
      },
      "geometry": {
        "type": "LineString",
        "coordinates": [
          [
            -2.3634681,
            51.3846091
          ],
          [
            -2.3634876,
            51.384587
          ],
          [
            -2.363489,
            51.3845617
          ],
          [
            -2.3634154,
            51.3843888
          ],
          [
            -2.363227,
            51.3839218
          ],
          [
            -2.3631886,
            51.3838249
          ]
        ]
      },
      "id": "way/210"
    },
    {
      "type": "Feature",
      "properties": {
        "@id": "way/2523",
        "bicycle": "yes",
        "bus": "yes",
        "highway": "unclassified",
        "lane_markings": "no",
        "lanes": "1",
        "maxspeed": "20 mph",
        "motor_vehicle:conditional": "no @ (10:00-18:00)",
        "name": "Milsom Street",
        "oneway": "yes",
        "psv": "yes",
        "surface": "asphalt",
        "wikidata": "Q6860748",
        "wikipedia": "en:Milsom Street, Bath"
      },
      "geometry": {
        "type": "LineString",
        "coordinates": [
          [
            -2.361967,
            51.3849008
          ],
          [
            -2.3617861,
            51.3845044
          ],
          [
            -2.3614474,
            51.3837623
          ],
          [
            -2.361258,
            51.3833472
          ]
        ]
      },
      "id": "way/2523"
    },
    {
      "type": "Feature",
      "properties": {
        "@id": "way/2525",
        "highway": "primary",
        "lanes": "1",
        "lit": "yes",
        "maxspeed": "20 mph",
        "name": "Dorchester Street",
        "oneway": "yes",
        "sidewalk:left": "separate",
        "sidewalk:right": "no",
        "surface": "asphalt"
      },
      "geometry": {
        "type": "LineString",
        "coordinates": [
          [
            -2.3593768,
            51.3780312
          ],
          [
            -2.359641,
            51.3780227
          ],
          [
            -2.3596752,
            51.3780145
          ],
          [
            -2.3597112,
            51.378003
          ],
          [
            -2.3597699,
            51.3779688
          ]
        ]
      },
      "id": "way/2525"
    },
    {
      "type": "Feature",
      "properties": {
        "@id": "way/2529",
        "highway": "unclassified",
        "lanes": "1",
        "motor_vehicle:conditional": "no @ (10:00-18:00)",
        "name": "Stall Street",
        "sidewalk": "both",
        "sidewalk:both:surface": "paving_stones",
        "surface": "paving_stones",
        "wikidata": "Q7597297"
      },
      "geometry": {
        "type": "LineString",
        "coordinates": [
          [
            -2.3597675,
            51.3797509
          ],
          [
            -2.359739,
            51.3797783
          ],
          [
            -2.3597344,
            51.3798079
          ],
          [
            -2.359742,
            51.3798365
          ],
          [
            -2.359855,
            51.3801086
          ],
          [
            -2.3599828,
            51.3803992
          ],
          [
            -2.3601108,
            51.3807196
          ],
          [
            -2.3601421,
            51.3807934
          ],
          [
            -2.3601564,
            51.3808271
          ],
          [
            -2.3601953,
            51.3808634
          ],
          [
            -2.3602498,
            51.3808886
          ],
          [
            -2.3603343,
            51.3808969
          ],
          [
            -2.3603824,
            51.3808956
          ]
        ]
      },
      "id": "way/2529"
    },
    {
      "type": "Feature",
      "properties": {
        "@id": "way/2531",
        "cycleway": "opposite_lane",
        "highway": "unclassified",
        "lane_markings": "no",
        "maxspeed": "20 mph",
        "maxspeed:type": "GB:zone20",
        "motor_vehicle:conditional": "no @ (10:00-18:00) AND disabled",
        "name": "Cheap Street",
        "oneway": "yes",
        "surface": "asphalt",
        "wikidata": "Q5088860",
        "wikipedia": "en:Cheap Street, Bath"
      },
      "geometry": {
        "type": "LineString",
        "coordinates": [
          [
            -2.3588431,
            51.3817691
          ],
          [
            -2.3590223,
            51.381747
          ],
          [
            -2.3591056,
            51.3817363
          ],
          [
            -2.3592357,
            51.3817196
          ],
          [
            -2.3600787,
            51.3815806
          ],
          [
            -2.3604505,
            51.3815291
          ]
        ]
      },
      "id": "way/2531"
    },
    {
      "type": "Feature",
      "properties": {
        "@id": "way/2532",
        "cycleway": "opposite_lane",
        "highway": "unclassified",
        "lane_markings": "no",
        "maxspeed": "20 mph",
        "maxspeed:type": "GB:zone20",
        "motor_vehicle:conditional": "no @ (10:00-18:00) AND disabled",
        "name": "Westgate Street",
        "oneway": "yes",
        "surface": "asphalt",
        "wikidata": "Q117278276"
      },
      "geometry": {
        "type": "LineString",
        "coordinates": [
          [
            -2.3604505,
            51.3815291
          ],
          [
            -2.3605579,
            51.3815163
          ],
          [
            -2.3609573,
            51.3814821
          ],
          [
            -2.3609746,
            51.3814801
          ],
          [
            -2.3615162,
            51.381439
          ],
          [
            -2.3616286,
            51.3814298
          ],
          [
            -2.3623505,
            51.3813707
          ]
        ]
      },
      "id": "way/2532"
    },
    {
      "type": "Feature",
      "properties": {
        "@id": "way/2533",
        "highway": "pedestrian",
        "lit": "yes",
        "name": "Union Street",
        "surface": "paving_stones",
        "wikidata": "Q117279353"
      },
      "geometry": {
        "type": "LineString",
        "coordinates": [
          [
            -2.3606996,
            51.3825689
          ],
          [
            -2.3605923,
            51.3822892
          ],
          [
            -2.3605537,
            51.3821344
          ],
          [
            -2.3604583,
            51.3815605
          ],
          [
            -2.3604571,
            51.3815538
          ]
        ]
      },
      "id": "way/2533"
    },
    {
      "type": "Feature",
      "properties": {
        "@id": "way/2748",
        "highway": "primary",
        "lanes": "2",
        "lit": "yes",
        "maxspeed": "20 mph",
        "name": "Manvers Street",
        "ref": "A3039",
        "surface": "asphalt",
        "wikidata": "Q117090048"
      },
      "geometry": {
        "type": "LineString",
        "coordinates": [
          [
            -2.3571003,
            51.3798196
          ],
          [
            -2.3570885,
            51.3795476
          ],
          [
            -2.3570856,
            51.3794809
          ]
        ]
      },
      "id": "way/2748"
    },
    {
      "type": "Feature",
      "properties": {
        "@id": "way/2754",
        "designation": "public_footpath",
        "foot": "designated",
        "highway": "pedestrian",
        "lit": "yes",
        "name": "Old Bond Street",
        "oneway": "no",
        "prow_ref": "BC44/2",
        "surface": "paving_stones",
        "wikidata": "Q117193188"
      },
      "geometry": {
        "type": "LineString",
        "coordinates": [
          [
            -2.3609995,
            51.3825572
          ],
          [
            -2.3610046,
            51.3825698
          ],
          [
            -2.3611534,
            51.3829392
          ],
          [
            -2.3612663,
            51.383205
          ]
        ]
      },
      "id": "way/2754"
    },
    {
      "type": "Feature",
      "properties": {
        "@id": "way/2755",
        "highway": "primary",
        "lanes": "1",
        "maxspeed": "20 mph",
        "name": "High Street",
        "oneway": "yes",
        "surface": "asphalt",
        "wikidata": "Q116961451"
      },
      "geometry": {
        "type": "LineString",
        "coordinates": [
          [
            -2.3588431,
            51.3817691
          ],
          [
            -2.3589363,
            51.3818017
          ],
          [
            -2.3589749,
            51.3818276
          ],
          [
            -2.3590265,
            51.3818863
          ],
          [
            -2.3591216,
            51.3821983
          ],
          [
            -2.3591303,
            51.3822265
          ],
          [
            -2.3591688,
            51.3823522
          ]
        ]
      },
      "id": "way/2755"
    },
    {
      "type": "Feature",
      "properties": {
        "@id": "way/2756",
        "highway": "primary",
        "lane_markings": "no",
        "lanes": "1",
        "lit": "yes",
        "maxspeed": "20 mph",
        "motor_vehicle:conditional": "no @ (10:00-18:00)",
        "name": "Northgate Street",
        "source:width": "ARCore",
        "surface": "asphalt",
        "width": "3.6"
      },
      "geometry": {
        "type": "LineString",
        "coordinates": [
          [
            -2.359464,
            51.3832323
          ],
          [
            -2.3594287,
            51.3831792
          ],
          [
            -2.3594086,
            51.3831219
          ],
          [
            -2.3593859,
            51.3830132
          ]
        ]
      },
      "id": "way/2756"
    },
    {
      "type": "Feature",
      "properties": {
        "@id": "way/2757",
        "cycleway:left": "no",
        "highway": "primary",
        "lane_markings": "no",
        "lanes": "1",
        "lit": "yes",
        "maxspeed": "20 mph",
        "motor_vehicle:conditional": "no @ (10:00-18:00)",
        "name": "Broad Street",
        "oneway": "yes",
        "sidewalk": "left",
        "surface": "asphalt"
      },
      "geometry": {
        "type": "LineString",
        "coordinates": [
          [
            -2.359464,
            51.3832323
          ],
          [
            -2.3594828,
            51.383244
          ],
          [
            -2.3595371,
            51.3832779
          ]
        ]
      },
      "id": "way/2757"
    },
    {
      "type": "Feature",
      "properties": {
        "@id": "way/2955708",
        "electrified": "no",
        "gauge": "1435",
        "maxspeed": "55 mph",
        "name": "Great Western Main Line",
        "operator": "Network Rail",
        "operator:wikidata": "Q1501071",
        "passenger_lines": "2",
        "railway": "rail",
        "railway:atp": "yes",
        "railway:aws": "yes",
        "railway:tpws": "yes",
        "ref": "MLN1",
        "ref:lor": "GW105",
        "source": "gpx",
        "usage": "main"
      },
      "geometry": {
        "type": "LineString",
        "coordinates": [
          [
            -2.3499877,
            51.3825593
          ],
          [
            -2.3503183,
            51.3819746
          ],
          [
            -2.3504869,
            51.3817182
          ]
        ]
      },
      "id": "way/2955708"
    },
    {
      "type": "Feature",
      "properties": {
        "@id": "way/3027056",
        "highway": "primary",
        "maxspeed": "30 mph",
        "name": "Wells Road",
        "oneway": "yes",
        "ref": "A367",
        "surface": "asphalt"
      },
      "geometry": {
        "type": "LineString",
        "coordinates": [
          [
            -2.3623058,
            51.376974
          ],
          [
            -2.3614556,
            51.3768271
          ],
          [
            -2.3612201,
            51.376788
          ],
          [
            -2.3611155,
            51.3767781
          ],
          [
            -2.3610278,
            51.3767894
          ],
          [
            -2.3609488,
            51.3768251
          ],
          [
            -2.3608912,
            51.3768688
          ],
          [
            -2.3608601,
            51.3769207
          ],
          [
            -2.3608625,
            51.3769668
          ],
          [
            -2.3608792,
            51.3770104
          ],
          [
            -2.3609231,
            51.3770591
          ],
          [
            -2.361017,
            51.3771185
          ]
        ]
      },
      "id": "way/3027056"
    },
    {
      "type": "Feature",
      "properties": {
        "@id": "way/3027057",
        "highway": "primary",
        "lane_markings": "no",
        "lanes": "1",
        "maxspeed": "30 mph",
        "name": "Wells Road",
        "oneway": "yes",
        "ref": "A367",
        "sidewalk:left": "separate",
        "surface": "asphalt"
      },
      "geometry": {
        "type": "LineString",
        "coordinates": [
          [
            -2.3603464,
            51.3770461
          ],
          [
            -2.3604463,
            51.3770275
          ],
          [
            -2.3605106,
            51.3770027
          ],
          [
            -2.3605737,
            51.3769716
          ],
          [
            -2.3606167,
            51.3769386
          ],
          [
            -2.3607268,
            51.3768484
          ],
          [
            -2.3607945,
            51.3767894
          ],
          [
            -2.3608569,
            51.3767501
          ],
          [
            -2.3609635,
            51.3767163
          ],
          [
            -2.3610952,
            51.3766995
          ],
          [
            -2.3612124,
            51.3767019
          ],
          [
            -2.3613319,
            51.3767202
          ],
          [
            -2.3619254,
            51.3768506
          ],
          [
            -2.3623058,
            51.376974
          ]
        ]
      },
      "id": "way/3027057"
    },
    {
      "type": "Feature",
      "properties": {
        "@id": "way/3027307",
        "highway": "primary",
        "lanes": "2",
        "maxspeed": "30 mph",
        "name": "Wells Road",
        "ref": "A367",
        "surface": "asphalt"
      },
      "geometry": {
        "type": "LineString",
        "coordinates": [
          [
            -2.3623058,
            51.376974
          ],
          [
            -2.362391,
            51.3769929
          ],
          [
            -2.3631244,
            51.377159
          ],
          [
            -2.3633883,
            51.3772054
          ],
          [
            -2.3636119,
            51.3772209
          ],
          [
            -2.3638194,
            51.377222
          ],
          [
            -2.3640704,
            51.3772116
          ],
          [
            -2.3643624,
            51.3771934
          ],
          [
            -2.3645273,
            51.377184
          ],
          [
            -2.3646124,
            51.3771769
          ],
          [
            -2.3652742,
            51.3770943
          ],
          [
            -2.3656579,
            51.3770368
          ],
          [
            -2.3659188,
            51.3769978
          ],
          [
            -2.3668079,
            51.3768619
          ],
          [
            -2.3677647,
            51.3766894
          ],
          [
            -2.3679003,
            51.3766573
          ],
          [
            -2.3680165,
            51.3766154
          ],
          [
            -2.3681056,
            51.3765655
          ],
          [
            -2.3681766,
            51.3765137
          ],
          [
            -2.368252,
            51.3764419
          ],
          [
            -2.3683009,
            51.3763734
          ]
        ]
      },
      "id": "way/3027307"
    },
    {
      "type": "Feature",
      "properties": {
        "@id": "way/3086247",
        "highway": "residential",
        "lit": "yes",
        "maxspeed": "20 mph",
        "name": "Nile Street",
        "surface": "asphalt",
        "wikidata": "Q7036978"
      },
      "geometry": {
        "type": "LineString",
        "coordinates": [
          [
            -2.3694445,
            51.3835974
          ],
          [
            -2.3695626,
            51.3832325
          ],
          [
            -2.3695888,
            51.3831955
          ]
        ]
      },
      "id": "way/3086247"
    },
    {
      "type": "Feature",
      "properties": {
        "@id": "way/3086257",
        "highway": "primary",
        "lanes": "2",
        "maxspeed": "20 mph",
        "maxweight": "7.5",
        "maxweight:conditional": "none @ delivery",
        "name": "Charlotte Street",
        "ref": "A4",
        "surface": "asphalt"
      },
      "geometry": {
        "type": "LineString",
        "coordinates": [
          [
            -2.3654936,
            51.3834549
          ],
          [
            -2.3655757,
            51.3834441
          ],
          [
            -2.3669553,
            51.3832353
          ],
          [
            -2.3670507,
            51.3832193
          ]
        ]
      },
      "id": "way/3086257"
    },
    {
      "type": "Feature",
      "properties": {
        "@id": "way/3086258",
        "highway": "primary",
        "maxspeed": "20 mph",
        "maxweight": "7.5",
        "maxweight:conditional": "none @ delivery",
        "name": "Queen Square Place",
        "ref": "A4",
        "sidewalk": "both",
        "surface": "asphalt"
      },
      "geometry": {
        "type": "LineString",
        "coordinates": [
          [
            -2.3644175,
            51.3836282
          ],
          [
            -2.3649168,
            51.3835472
          ],
          [
            -2.3650208,
            51.3835305
          ],
          [
            -2.3653277,
            51.3834814
          ],
          [
            -2.3654936,
            51.3834549
          ]
        ]
      },
      "id": "way/3086258"
    },
    {
      "type": "Feature",
      "properties": {
        "@id": "way/3098972",
        "highway": "residential",
        "name": "Park Lane"
      },
      "geometry": {
        "type": "LineString",
        "coordinates": [
          [
            -2.37843,
            51.3855605
          ],
          [
            -2.3785059,
            51.3857221
          ],
          [
            -2.3785604,
            51.3858499
          ],
          [
            -2.3787318,
            51.386499
          ],
          [
            -2.3787566,
            51.3865647
          ],
          [
            -2.3787628,
            51.3866504
          ],
          [
            -2.3787854,
            51.3867834
          ],
          [
            -2.3787697,
            51.3869625
          ],
          [
            -2.3787393,
            51.387311
          ],
          [
            -2.3787361,
            51.3873476
          ],
          [
            -2.3787064,
            51.3882312
          ],
          [
            -2.3786944,
            51.3884199
          ],
          [
            -2.378648,
            51.3886282
          ],
          [
            -2.3785533,
            51.3889399
          ],
          [
            -2.3785016,
            51.3890853
          ],
          [
            -2.3784436,
            51.389158
          ],
          [
            -2.3783948,
            51.3891988
          ],
          [
            -2.3783009,
            51.3892776
          ]
        ]
      },
      "id": "way/3098972"
    },
    {
      "type": "Feature",
      "properties": {
        "@id": "way/3098992",
        "description": "Street of 30 terraced houses laid out in a sweeping crescent, among the greatest examples of Georgian architecture in the United Kingdom",
        "highway": "residential",
        "lane_markings": "no",
        "lit": "yes",
        "name": "Royal Crescent",
        "source:description": "en:wikipedia",
        "surface": "sett",
        "tourism": "attraction",
        "wikidata": "Q2289728",
        "wikipedia": "en:Royal Crescent"
      },
      "geometry": {
        "type": "LineString",
        "coordinates": [
          [
            -2.3699833,
            51.3869838
          ],
          [
            -2.3695382,
            51.3869044
          ],
          [
            -2.3694653,
            51.3869003
          ],
          [
            -2.3694101,
            51.3869117
          ],
          [
            -2.3693645,
            51.3869325
          ],
          [
            -2.3693306,
            51.3869592
          ],
          [
            -2.3692581,
            51.3870854
          ],
          [
            -2.3692035,
            51.3871426
          ],
          [
            -2.3691238,
            51.387194
          ],
          [
            -2.3690055,
            51.3872399
          ],
          [
            -2.3688802,
            51.3872691
          ],
          [
            -2.3687491,
            51.3872833
          ],
          [
            -2.3685997,
            51.3872955
          ],
          [
            -2.3684356,
            51.3872925
          ],
          [
            -2.368285,
            51.3872802
          ],
          [
            -2.3681297,
            51.3872567
          ],
          [
            -2.3679726,
            51.3872183
          ],
          [
            -2.3678349,
            51.3871665
          ],
          [
            -2.3676778,
            51.3870926
          ],
          [
            -2.367585,
            51.3870448
          ],
          [
            -2.3675135,
            51.3869864
          ],
          [
            -2.367469,
            51.3869342
          ],
          [
            -2.3674368,
            51.386875
          ],
          [
            -2.367426,
            51.3868124
          ],
          [
            -2.3674352,
            51.3867429
          ],
          [
            -2.3674614,
            51.3866515
          ],
          [
            -2.3674623,
            51.3866214
          ],
          [
            -2.3674566,
            51.3865859
          ],
          [
            -2.3674306,
            51.3865566
          ],
          [
            -2.3673924,
            51.3865307
          ],
          [
            -2.3673453,
            51.3865167
          ],
          [
            -2.3667945,
            51.3864321
          ]
        ]
      },
      "id": "way/3098992"
    },
    {
      "type": "Feature",
      "properties": {
        "@id": "way/3098993",
        "highway": "residential",
        "lit": "yes",
        "maxspeed": "20 mph",
        "maxspeed:type": "sign",
        "name": "Brock Street",
        "sidewalk": "both",
        "surface": "asphalt",
        "wikidata": "Q117112811"
      },
      "geometry": {
        "type": "LineString",
        "coordinates": [
          [
            -2.3645416,
            51.3860404
          ],
          [
            -2.3660351,
            51.3863078
          ],
          [
            -2.3667945,
            51.3864321
          ]
        ]
      },
      "id": "way/3098993"
    },
    {
      "type": "Feature",
      "properties": {
        "@id": "way/3098996",
        "bus": "no",
        "highway": "residential",
        "maxspeed": "20 mph",
        "maxspeed:type": "sign",
        "name": "Rivers Street",
        "surface": "asphalt"
      },
      "geometry": {
        "type": "LineString",
        "coordinates": [
          [
            -2.3661908,
            51.3877963
          ],
          [
            -2.3657166,
            51.3877121
          ],
          [
            -2.3654967,
            51.3876759
          ],
          [
            -2.3650806,
            51.3876025
          ],
          [
            -2.3646415,
            51.3875373
          ],
          [
            -2.3635318,
            51.3874121
          ],
          [
            -2.3634835,
            51.3874083
          ],
          [
            -2.3634338,
            51.3874105
          ],
          [
            -2.3630392,
            51.3874515
          ],
          [
            -2.3627851,
            51.3874805
          ],
          [
            -2.3627492,
            51.3874882
          ],
          [
            -2.3627277,
            51.3874991
          ],
          [
            -2.3627118,
            51.3875186
          ],
          [
            -2.3626961,
            51.3875447
          ]
        ]
      },
      "id": "way/3098996"
    },
    {
      "type": "Feature",
      "properties": {
        "@id": "way/3120966",
        "bus": "no",
        "highway": "residential",
        "maxspeed": "20 mph",
        "maxspeed:type": "sign",
        "name": "Bennett Street",
        "surface": "asphalt",
        "wikidata": "Q117113259"
      },
      "geometry": {
        "type": "LineString",
        "coordinates": [
          [
            -2.3636976,
            51.3861734
          ],
          [
            -2.363258,
            51.3864482
          ],
          [
            -2.3631862,
            51.386491
          ],
          [
            -2.3631272,
            51.3865087
          ],
          [
            -2.3627165,
            51.3865804
          ],
          [
            -2.3622407,
            51.3866452
          ],
          [
            -2.3613799,
            51.3867558
          ]
        ]
      },
      "id": "way/3120966"
    },
    {
      "type": "Feature",
      "properties": {
        "@id": "way/3120967",
        "highway": "primary",
        "lanes": "2",
        "maxspeed": "20 mph",
        "name": "Chapel Row",
        "ref": "A367",
        "surface": "asphalt"
      },
      "geometry": {
        "type": "LineString",
        "coordinates": [
          [
            -2.3649794,
            51.3825569
          ],
          [
            -2.3649291,
            51.3826163
          ],
          [
            -2.364828,
            51.3827539
          ],
          [
            -2.364793,
            51.3827817
          ],
          [
            -2.3647412,
            51.3828067
          ],
          [
            -2.3646827,
            51.3828207
          ],
          [
            -2.3646391,
            51.3828278
          ],
          [
            -2.3642763,
            51.3828884
          ],
          [
            -2.3641681,
            51.3829154
          ],
          [
            -2.3641383,
            51.3829261
          ]
        ]
      },
      "id": "way/3120967"
    },
    {
      "type": "Feature",
      "properties": {
        "@id": "way/3126770",
        "bus": "no",
        "highway": "residential",
        "lit": "yes",
        "maxspeed": "20 mph",
        "name": "Upper Church Street",
        "surface": "asphalt"
      },
      "geometry": {
        "type": "LineString",
        "coordinates": [
          [
            -2.3667945,
            51.3864321
          ],
          [
            -2.366458,
            51.3872065
          ],
          [
            -2.366354,
            51.3874375
          ],
          [
            -2.3661908,
            51.3877963
          ],
          [
            -2.3660526,
            51.3881241
          ]
        ]
      },
      "id": "way/3126770"
    },
    {
      "type": "Feature",
      "properties": {
        "@id": "way/3126771",
        "highway": "tertiary",
        "maxspeed": "20 mph",
        "maxspeed:type": "sign",
        "name": "Julian Road"
      },
      "geometry": {
        "type": "LineString",
        "coordinates": [
          [
            -2.3694804,
            51.388368
          ],
          [
            -2.3693336,
            51.388334
          ],
          [
            -2.369119,
            51.3883048
          ],
          [
            -2.3676735,
            51.3881069
          ],
          [
            -2.367348,
            51.3880626
          ],
          [
            -2.3672349,
            51.3880483
          ],
          [
            -2.3671652,
            51.3881016
          ],
          [
            -2.3671096,
            51.3881182
          ],
          [
            -2.3670314,
            51.388125
          ],
          [
            -2.3665917,
            51.388119
          ],
          [
            -2.3660526,
            51.3881241
          ],
          [
            -2.3657178,
            51.3881226
          ],
          [
            -2.3656194,
            51.3881215
          ],
          [
            -2.3653897,
            51.3881134
          ],
          [
            -2.3651199,
            51.3880868
          ],
          [
            -2.3648228,
            51.388051
          ],
          [
            -2.3645323,
            51.3879994
          ],
          [
            -2.3644437,
            51.3879789
          ],
          [
            -2.3642657,
            51.3879398
          ],
          [
            -2.3641604,
            51.3879161
          ],
          [
            -2.3634017,
            51.3877264
          ],
          [
            -2.3627646,
            51.3875615
          ],
          [
            -2.3626961,
            51.3875447
          ],
          [
            -2.3620886,
            51.3873934
          ],
          [
            -2.3618804,
            51.3873507
          ],
          [
            -2.3618185,
            51.3873442
          ],
          [
            -2.3617592,
            51.3873469
          ],
          [
            -2.3614282,
            51.3873562
          ]
        ]
      },
      "id": "way/3126771"
    },
    {
      "type": "Feature",
      "properties": {
        "@id": "way/3292445",
        "highway": "primary",
        "lanes": "2",
        "lit": "yes",
        "maxspeed": "20 mph",
        "maxweightrating:hgv": "7.5",
        "maxweightrating:hgv:conditional": "none @ destination",
        "name": "The Paragon",
        "name:be": "Парагон",
        "name:en": "The Paragon",
        "name:ru": "Парагон",
        "name:uk": "Парагон",
        "ref": "A4",
        "sidewalk": "both",
        "surface": "asphalt",
        "turn:lanes": "through|right"
      },
      "geometry": {
        "type": "LineString",
        "coordinates": [
          [
            -2.3589766,
            51.3891344
          ],
          [
            -2.3590861,
            51.3890746
          ],
          [
            -2.3592059,
            51.3889951
          ],
          [
            -2.3592828,
            51.3889271
          ],
          [
            -2.3593524,
            51.3888749
          ],
          [
            -2.3595846,
            51.3886814
          ],
          [
            -2.3596794,
            51.3885825
          ],
          [
            -2.3598964,
            51.3882969
          ],
          [
            -2.3599782,
            51.3881532
          ],
          [
            -2.3599972,
            51.3880595
          ],
          [
            -2.3599999,
            51.3879845
          ],
          [
            -2.359998,
            51.3876434
          ],
          [
            -2.3599845,
            51.3874228
          ],
          [
            -2.3599658,
            51.3871168
          ],
          [
            -2.3599555,
            51.3868878
          ],
          [
            -2.359963,
            51.3868254
          ],
          [
            -2.3599803,
            51.3866825
          ],
          [
            -2.3600123,
            51.3865446
          ],
          [
            -2.3600593,
            51.3863902
          ],
          [
            -2.3601827,
            51.3861707
          ],
          [
            -2.3602634,
            51.3860515
          ],
          [
            -2.3603022,
            51.385996
          ],
          [
            -2.3604954,
            51.385707
          ],
          [
            -2.3605952,
            51.3855349
          ],
          [
            -2.3606314,
            51.3854652
          ],
          [
            -2.3607658,
            51.3852063
          ]
        ]
      },
      "id": "way/3292445"
    },
    {
      "type": "Feature",
      "properties": {
        "@id": "way/3381569",
        "highway": "trunk",
        "lanes": "4",
        "maxspeed": "30 mph",
        "name": "Lower Bristol Road",
        "ref": "A36",
        "sidewalk": "separate",
        "surface": "asphalt",
        "turn:lanes:backward": "slight_left|slight_left",
        "turn:lanes:forward": "left|through"
      },
      "geometry": {
        "type": "LineString",
        "coordinates": [
          [
            -2.3736183,
            51.3809229
          ],
          [
            -2.3738351,
            51.3810142
          ],
          [
            -2.3739284,
            51.3810568
          ],
          [
            -2.373962,
            51.3810718
          ],
          [
            -2.3739897,
            51.3810839
          ]
        ]
      },
      "id": "way/3381569"
    },
    {
      "type": "Feature",
      "properties": {
        "@id": "way/3441067",
        "highway": "primary",
        "lanes": "2",
        "lit": "yes",
        "maxspeed": "20 mph",
        "name": "Southgate Street",
        "oneway": "yes",
        "sidewalk": "separate",
        "surface": "asphalt",
        "turn:lanes": "left;through|through"
      },
      "geometry": {
        "type": "LineString",
        "coordinates": [
          [
            -2.3597807,
            51.3783561
          ],
          [
            -2.3597603,
            51.3782773
          ],
          [
            -2.3597574,
            51.378255
          ],
          [
            -2.3597545,
            51.3782326
          ]
        ]
      },
      "id": "way/3441067"
    },
    {
      "type": "Feature",
      "properties": {
        "@id": "way/3600469",
        "cycleway:both": "no",
        "highway": "residential",
        "lane_markings": "no",
        "lit": "yes",
        "maxspeed": "20 mph",
        "name": "Marlborough Lane",
        "sidewalk": "both",
        "source:width": "ARCore",
        "surface": "asphalt",
        "width": "6.4"
      },
      "geometry": {
        "type": "LineString",
        "coordinates": [
          [
            -2.3716825,
            51.3840667
          ],
          [
            -2.371432,
            51.3844663
          ],
          [
            -2.3710552,
            51.3850475
          ],
          [
            -2.3707175,
            51.385552
          ],
          [
            -2.3706035,
            51.3858146
          ]
        ]
      },
      "id": "way/3600469"
    },
    {
      "type": "Feature",
      "properties": {
        "@id": "way/3600471",
        "highway": "tertiary",
        "maxspeed": "20 mph",
        "maxspeed:type": "sign",
        "name": "Weston Road",
        "sidewalk": "both"
      },
      "geometry": {
        "type": "LineString",
        "coordinates": [
          [
            -2.3829226,
            51.3906054
          ],
          [
            -2.3827147,
            51.3905453
          ],
          [
            -2.3816035,
            51.3902243
          ],
          [
            -2.3802306,
            51.3898286
          ],
          [
            -2.3797691,
            51.3897214
          ],
          [
            -2.3794849,
            51.389645
          ],
          [
            -2.3785174,
            51.389364
          ],
          [
            -2.3783009,
            51.3892776
          ],
          [
            -2.3781262,
            51.3892308
          ],
          [
            -2.3780436,
            51.3892097
          ],
          [
            -2.377448,
            51.3890848
          ],
          [
            -2.3770536,
            51.3890287
          ],
          [
            -2.3766408,
            51.3889943
          ],
          [
            -2.3764895,
            51.3889842
          ]
        ]
      },
      "id": "way/3600471"
    },
    {
      "type": "Feature",
      "properties": {
        "@id": "way/3609799",
        "cycleway": "opposite_lane",
        "highway": "residential",
        "lanes": "2",
        "lit": "yes",
        "maxspeed": "20 mph",
        "maxspeed:type": "sign",
        "name": "Gay Street",
        "sidewalk": "both",
        "surface": "asphalt",
        "wikidata": "Q5528646",
        "wikipedia": "en:Gay Street, Bath"
      },
      "geometry": {
        "type": "LineString",
        "coordinates": [
          [
            -2.3639413,
            51.3856483
          ],
          [
            -2.3635829,
            51.384785
          ],
          [
            -2.3635359,
            51.3846716
          ],
          [
            -2.3635168,
            51.3846354
          ],
          [
            -2.3634681,
            51.3846091
          ]
        ]
      },
      "id": "way/3609799"
    },
    {
      "type": "Feature",
      "properties": {
        "@id": "way/3609801",
        "cycleway:both": "no",
        "highway": "primary",
        "lanes": "2",
        "lit": "yes",
        "maxspeed": "20 mph",
        "name": "Pierrepont Street",
        "ref": "A3039",
        "sidewalk": "separate",
        "surface": "asphalt",
        "wikidata": "Q117103364"
      },
      "geometry": {
        "type": "LineString",
        "coordinates": [
          [
            -2.3571003,
            51.3798196
          ],
          [
            -2.3571065,
            51.3799522
          ],
          [
            -2.3571111,
            51.3800766
          ],
          [
            -2.3571313,
            51.3803956
          ],
          [
            -2.357148,
            51.3806923
          ],
          [
            -2.3571572,
            51.3807341
          ],
          [
            -2.357173,
            51.3808054
          ]
        ]
      },
      "id": "way/3609801"
    },
    {
      "type": "Feature",
      "properties": {
        "@id": "way/4279529",
        "designation": "public_footpath",
        "foot": "designated",
        "highway": "footway",
        "name": "Gravel Walk",
        "prow_ref": "BC45/16",
        "surface": "paving_stones"
      },
      "geometry": {
        "type": "LineString",
        "coordinates": [
          [
            -2.364276,
            51.3842575
          ],
          [
            -2.3643015,
            51.3843269
          ]
        ]
      },
      "id": "way/4279529"
    },
    {
      "type": "Feature",
      "properties": {
        "@id": "way/4279571",
        "access:note": "signed as no \"motor vehicles\" except local buses, taxis & authorised vehicles",
        "bridge": "yes",
        "bridge:name": "Pulteney Bridge",
        "cycleway:both": "no",
        "emergency": "yes",
        "highway": "unclassified",
        "lane_markings": "yes",
        "lanes": "2",
        "layer": "1",
        "lit": "no",
        "maxspeed": "20 mph",
        "motor_vehicle": "no",
        "name": "Pulteney Bridge",
        "psv": "yes",
        "sidewalk": "both",
        "surface": "asphalt",
        "taxi": "yes"
      },
      "geometry": {
        "type": "LineString",
        "coordinates": [
          [
            -2.3576622,
            51.3831224
          ],
          [
            -2.3581599,
            51.3829394
          ]
        ]
      },
      "id": "way/4279571"
    },
    {
      "type": "Feature",
      "properties": {
        "@id": "way/4340722",
        "highway": "trunk",
        "lanes": "2",
        "maxspeed": "30 mph",
        "name": "Lower Bristol Road",
        "oneway": "yes",
        "ref": "A36",
        "sidewalk": "separate",
        "surface": "asphalt"
      },
      "geometry": {
        "type": "LineString",
        "coordinates": [
          [
            -2.3706793,
            51.3796758
          ],
          [
            -2.37077,
            51.3797195
          ],
          [
            -2.3708441,
            51.3797517
          ],
          [
            -2.3708739,
            51.3797657
          ],
          [
            -2.3709407,
            51.379797
          ],
          [
            -2.371079,
            51.3798553
          ],
          [
            -2.3712314,
            51.3799151
          ]
        ]
      },
      "id": "way/4340722"
    },
    {
      "type": "Feature",
      "properties": {
        "@id": "way/4345836",
        "boat": "yes",
        "name": "River Avon",
        "name:br": "Stêr Avon",
        "waterway": "river",
        "width": "25"
      },
      "geometry": {
        "type": "LineString",
        "coordinates": [
          [
            -2.3892429,
            51.3815565
          ],
          [
            -2.3899358,
            51.3814226
          ],
          [
            -2.3911117,
            51.3813479
          ],
          [
            -2.3921611,
            51.3813371
          ],
          [
            -2.3931803,
            51.381394
          ],
          [
            -2.3949613,
            51.381538
          ],
          [
            -2.3959805,
            51.3817221
          ],
          [
            -2.3969622,
            51.3819799
          ]
        ]
      },
      "id": "way/4345836"
    },
    {
      "type": "Feature",
      "properties": {
        "@id": "way/4346054",
        "highway": "trunk",
        "lanes": "1",
        "maxspeed": "30 mph",
        "name": "Lower Bristol Road",
        "oneway": "yes",
        "ref": "A36",
        "sidewalk:left": "separate",
        "surface": "asphalt"
      },
      "geometry": {
        "type": "LineString",
        "coordinates": [
          [
            -2.3614701,
            51.3773607
          ],
          [
            -2.3614914,
            51.3774094
          ],
          [
            -2.3615215,
            51.3774454
          ],
          [
            -2.3615613,
            51.3774761
          ],
          [
            -2.3615798,
            51.3774893
          ],
          [
            -2.3616445,
            51.3775355
          ]
        ]
      },
      "id": "way/4346054"
    },
    {
      "type": "Feature",
      "properties": {
        "@id": "way/4352855",
        "cutting": "yes",
        "electrified": "no",
        "gauge": "1435",
        "maxspeed": "90 mph",
        "name": "Great Western Main Line",
        "operator": "Network Rail",
        "operator:wikidata": "Q1501071",
        "passenger_lines": "2",
        "railway": "rail",
        "railway:atp": "yes",
        "railway:aws": "yes",
        "railway:tpws": "yes",
        "ref": "MLN1",
        "ref:lor": "GW105",
        "source": "gpx",
        "usage": "main"
      },
      "geometry": {
        "type": "LineString",
        "coordinates": [
          [
            -2.3747285,
            51.3786455
          ],
          [
            -2.3789676,
            51.3790687
          ],
          [
            -2.3801157,
            51.3791905
          ],
          [
            -2.381029,
            51.3792874
          ],
          [
            -2.3850585,
            51.3796805
          ]
        ]
      },
      "id": "way/4352855"
    },
    {
      "type": "Feature",
      "properties": {
        "@id": "way/4357619",
        "highway": "trunk",
        "lanes": "3",
        "lanes:backward": "2",
        "maxspeed": "30 mph",
        "name": "Lower Bristol Road",
        "ref": "A36",
        "sidewalk": "separate"
      },
      "geometry": {
        "type": "LineString",
        "coordinates": [
          [
            -2.3706793,
            51.3796758
          ],
          [
            -2.3706219,
            51.3796543
          ],
          [
            -2.3705277,
            51.3796154
          ]
        ]
      },
      "id": "way/4357619"
    },
    {
      "type": "Feature",
      "properties": {
        "@id": "way/4365136",
        "bus": "no",
        "highway": "residential",
        "maxspeed": "20 mph",
        "name": "Crescent Lane"
      },
      "geometry": {
        "type": "LineString",
        "coordinates": [
          [
            -2.3672349,
            51.3880483
          ],
          [
            -2.3671997,
            51.387996
          ],
          [
            -2.3671801,
            51.3879665
          ],
          [
            -2.367141,
            51.3879377
          ],
          [
            -2.366672,
            51.3877062
          ],
          [
            -2.3664352,
            51.3875665
          ],
          [
            -2.3663816,
            51.3875171
          ],
          [
            -2.3663601,
            51.3874753
          ],
          [
            -2.366354,
            51.3874375
          ]
        ]
      },
      "id": "way/4365136"
    },
    {
      "type": "Feature",
      "properties": {
        "@id": "way/4414899",
        "foot": "yes",
        "highway": "pedestrian",
        "name": "Stall Street",
        "surface": "paving_stones",
        "wikidata": "Q7597297"
      },
      "geometry": {
        "type": "LineString",
        "coordinates": [
          [
            -2.3602903,
            51.3810784
          ],
          [
            -2.3603497,
            51.3812389
          ]
        ]
      },
      "id": "way/4414899"
    },
    {
      "type": "Feature",
      "properties": {
        "@id": "way/4478886",
        "highway": "primary",
        "lanes": "2",
        "lit": "yes",
        "maxspeed": "20 mph",
        "name": "Southgate Street",
        "oneway": "yes",
        "sidewalk": "right",
        "surface": "asphalt",
        "turn:lanes": "left;through|through"
      },
      "geometry": {
        "type": "LineString",
        "coordinates": [
          [
            -2.3597545,
            51.3782326
          ],
          [
            -2.3597547,
            51.3782041
          ]
        ]
      },
      "id": "way/4478886"
    },
    {
      "type": "Feature",
      "properties": {
        "@id": "way/4479454",
        "highway": "residential",
        "lit": "yes",
        "maxspeed": "20 mph",
        "maxspeed:type": "sign",
        "name": "Catharine Place",
        "sidewalk": "both",
        "surface": "asphalt"
      },
      "geometry": {
        "type": "LineString",
        "coordinates": [
          [
            -2.3657447,
            51.3870821
          ],
          [
            -2.3659839,
            51.3871265
          ],
          [
            -2.366458,
            51.3872065
          ]
        ]
      },
      "id": "way/4479454"
    },
    {
      "type": "Feature",
      "properties": {
        "@id": "way/7985210",
        "highway": "primary",
        "lanes": "1",
        "maxspeed": "20 mph",
        "name": "Walcot Street",
        "oneway": "yes",
        "surface": "asphalt"
      },
      "geometry": {
        "type": "LineString",
        "coordinates": [
          [
            -2.3595535,
            51.3846602
          ],
          [
            -2.3595394,
            51.3845441
          ],
          [
            -2.3595545,
            51.3843482
          ],
          [
            -2.3595949,
            51.3841859
          ],
          [
            -2.3596247,
            51.3839356
          ],
          [
            -2.3596339,
            51.3838509
          ],
          [
            -2.3596223,
            51.3837598
          ],
          [
            -2.3595645,
            51.3835731
          ],
          [
            -2.359539,
            51.3835032
          ]
        ]
      },
      "id": "way/7985210"
    },
    {
      "type": "Feature",
      "properties": {
        "@id": "way/30991997",
        "highway": "unclassified",
        "lane_markings": "no",
        "lanes": "1",
        "maxspeed": "20 mph",
        "motor_vehicle:conditional": "no @ (10:00-18:00)",
        "name": "Old Bond Street",
        "oneway": "yes",
        "surface": "asphalt"
      },
      "geometry": {
        "type": "LineString",
        "coordinates": [
          [
            -2.361258,
            51.3833472
          ],
          [
            -2.3611952,
            51.3832673
          ]
        ]
      },
      "id": "way/30991997"
    },
    {
      "type": "Feature",
      "properties": {
        "@id": "way/30992002",
        "highway": "primary",
        "lanes": "2",
        "maxspeed": "20 mph",
        "maxweight": "7.5",
        "maxweight:conditional": "none @ delivery",
        "name": "Queen Square",
        "oneway": "yes",
        "ref": "A4",
        "surface": "asphalt",
        "turn:lanes": "|merge_to_left"
      },
      "geometry": {
        "type": "LineString",
        "coordinates": [
          [
            -2.3631886,
            51.3838249
          ],
          [
            -2.3630721,
            51.3834965
          ],
          [
            -2.3629832,
            51.3832453
          ]
        ]
      },
      "id": "way/30992002"
    },
    {
      "type": "Feature",
      "properties": {
        "@id": "way/34724271",
        "electrified": "no",
        "gauge": "1435",
        "maxspeed": "90 mph",
        "name": "Great Western Main Line",
        "operator": "Network Rail",
        "operator:wikidata": "Q1501071",
        "passenger_lines": "2",
        "railway": "rail",
        "railway:atp": "yes",
        "railway:aws": "yes",
        "railway:tpws": "yes",
        "ref": "MLN1",
        "ref:lor": "GW105",
        "source": "gpx",
        "usage": "main"
      },
      "geometry": {
        "type": "LineString",
        "coordinates": [
          [
            -2.3850585,
            51.3796805
          ],
          [
            -2.3863457,
            51.3798099
          ]
        ]
      },
      "id": "way/34724271"
    },
    {
      "type": "Feature",
      "properties": {
        "@id": "way/34724272",
        "electrified": "no",
        "embankment": "yes",
        "gauge": "1435",
        "maxspeed": "90 mph",
        "name": "Great Western Main Line",
        "operator": "Network Rail",
        "operator:wikidata": "Q1501071",
        "passenger_lines": "2",
        "railway": "rail",
        "railway:atp": "yes",
        "railway:aws": "yes",
        "railway:tpws": "yes",
        "ref": "MLN1",
        "ref:lor": "GW105",
        "source": "gpx",
        "usage": "main"
      },
      "geometry": {
        "type": "LineString",
        "coordinates": [
          [
            -2.3863457,
            51.3798099
          ],
          [
            -2.3877511,
            51.3799525
          ]
        ]
      },
      "id": "way/34724272"
    },
    {
      "type": "Feature",
      "properties": {
        "@id": "way/34724273",
        "bridge": "yes",
        "electrified": "no",
        "gauge": "1435",
        "layer": "1",
        "maxspeed": "90 mph",
        "name": "Great Western Main Line",
        "operator": "Network Rail",
        "operator:wikidata": "Q1501071",
        "passenger_lines": "2",
        "railway": "rail",
        "railway:atp": "yes",
        "railway:aws": "yes",
        "railway:tpws": "yes",
        "ref": "MLN1",
        "ref:lor": "GW105",
        "source": "gpx",
        "usage": "main"
      },
      "geometry": {
        "type": "LineString",
        "coordinates": [
          [
            -2.3877511,
            51.3799525
          ],
          [
            -2.3878855,
            51.3799666
          ]
        ]
      },
      "id": "way/34724273"
    },
    {
      "type": "Feature",
      "properties": {
        "@id": "way/34724274",
        "electrified": "no",
        "gauge": "1435",
        "maxspeed": "90 mph",
        "name": "Great Western Main Line",
        "operator": "Network Rail",
        "operator:wikidata": "Q1501071",
        "passenger_lines": "2",
        "railway": "rail",
        "railway:atp": "yes",
        "railway:aws": "yes",
        "railway:tpws": "yes",
        "ref": "MLN1",
        "ref:lor": "GW105",
        "source": "gpx",
        "usage": "main"
      },
      "geometry": {
        "type": "LineString",
        "coordinates": [
          [
            -2.3702125,
            51.3781904
          ],
          [
            -2.3723313,
            51.3784083
          ],
          [
            -2.3734311,
            51.3785171
          ],
          [
            -2.3747285,
            51.3786455
          ]
        ]
      },
      "id": "way/34724274"
    },
    {
      "type": "Feature",
      "properties": {
        "@id": "way/34724277",
        "electrified": "no",
        "embankment": "yes",
        "gauge": "1435",
        "maxspeed": "100 mph",
        "name": "Great Western Main Line",
        "operator": "Network Rail",
        "operator:wikidata": "Q1501071",
        "passenger_lines": "2",
        "railway": "rail",
        "railway:atp": "yes",
        "railway:aws": "yes",
        "railway:tpws": "yes",
        "ref": "MLN1",
        "ref:lor": "GW105",
        "source": "gpx",
        "usage": "main"
      },
      "geometry": {
        "type": "LineString",
        "coordinates": [
          [
            -2.3878855,
            51.3799666
          ],
          [
            -2.3903322,
            51.38021
          ]
        ]
      },
      "id": "way/34724277"
    },
    {
      "type": "Feature",
      "properties": {
        "@id": "way/34724289",
        "bridge": "yes",
        "electrified": "no",
        "gauge": "1435",
        "layer": "1",
        "maxspeed": "90 mph",
        "name": "Great Western Main Line",
        "operator": "Network Rail",
        "operator:wikidata": "Q1501071",
        "passenger_lines": "2",
        "railway": "rail",
        "railway:atp": "yes",
        "railway:aws": "yes",
        "railway:tpws": "yes",
        "ref": "MLN1",
        "source": "gpx",
        "usage": "main"
      },
      "geometry": {
        "type": "LineString",
        "coordinates": [
          [
            -2.3686321,
            51.37804
          ],
          [
            -2.3688106,
            51.3780578
          ]
        ]
      },
      "id": "way/34724289"
    },
    {
      "type": "Feature",
      "properties": {
        "@id": "way/34724290",
        "electrified": "no",
        "embankment": "yes",
        "gauge": "1435",
        "maxspeed": "90 mph",
        "name": "Great Western Main Line",
        "operator": "Network Rail",
        "operator:wikidata": "Q1501071",
        "passenger_lines": "2",
        "railway": "rail",
        "railway:atp": "yes",
        "railway:aws": "yes",
        "railway:tpws": "yes",
        "ref": "MLN1",
        "ref:lor": "GW105",
        "source": "gpx",
        "usage": "main"
      },
      "geometry": {
        "type": "LineString",
        "coordinates": [
          [
            -2.3688106,
            51.3780578
          ],
          [
            -2.3690298,
            51.3780796
          ],
          [
            -2.3702125,
            51.3781904
          ]
        ]
      },
      "id": "way/34724290"
    },
    {
      "type": "Feature",
      "properties": {
        "@id": "way/34724295",
        "bridge": "viaduct",
        "electrified": "no",
        "gauge": "1435",
        "layer": "1",
        "maxspeed": "90 mph",
        "name": "Great Western Main Line",
        "operator": "Network Rail",
        "operator:wikidata": "Q1501071",
        "passenger_lines": "2",
        "railway": "rail",
        "railway:atp": "yes",
        "railway:aws": "yes",
        "railway:tpws": "yes",
        "ref": "MLN1",
        "ref:lor": "GW105",
        "usage": "main"
      },
      "geometry": {
        "type": "LineString",
        "coordinates": [
          [
            -2.3590419,
            51.3771641
          ],
          [
            -2.3592484,
            51.3771544
          ],
          [
            -2.359452,
            51.3771486
          ],
          [
            -2.3596549,
            51.3771499
          ],
          [
            -2.3598569,
            51.3771533
          ],
          [
            -2.3600044,
            51.3771607
          ],
          [
            -2.3601802,
            51.3771742
          ],
          [
            -2.3603887,
            51.3771913
          ],
          [
            -2.3604828,
            51.3772018
          ],
          [
            -2.3651904,
            51.3776865
          ]
        ]
      },
      "id": "way/34724295"
    },
    {
      "type": "Feature",
      "properties": {
        "@id": "way/34724296",
        "electrified": "no",
        "embankment": "yes",
        "gauge": "1435",
        "maxspeed": "90 mph",
        "name": "Great Western Main Line",
        "operator": "Network Rail",
        "operator:wikidata": "Q1501071",
        "passenger_lines": "2",
        "railway": "rail",
        "railway:atp": "yes",
        "railway:aws": "yes",
        "railway:tpws": "yes",
        "ref": "MLN1",
        "ref:lor": "GW105",
        "source": "gpx",
        "usage": "main"
      },
      "geometry": {
        "type": "LineString",
        "coordinates": [
          [
            -2.3651904,
            51.3776865
          ],
          [
            -2.3655486,
            51.3777201
          ],
          [
            -2.3679255,
            51.3779621
          ],
          [
            -2.3686321,
            51.37804
          ]
        ]
      },
      "id": "way/34724296"
    },
    {
      "type": "Feature",
      "properties": {
        "@id": "way/35467275",
        "boat": "yes",
        "intermittent": "no",
        "name": "River Avon",
        "name:br": "Stêr Avon",
        "tidal": "no",
        "waterway": "river"
      },
      "geometry": {
        "type": "LineString",
        "coordinates": [
          [
            -2.3553812,
            51.3772543
          ],
          [
            -2.3555572,
            51.3771869
          ],
          [
            -2.3559006,
            51.3770935
          ],
          [
            -2.3561726,
            51.3770542
          ],
          [
            -2.3567667,
            51.3770501
          ],
          [
            -2.3572688,
            51.3770821
          ],
          [
            -2.3580388,
            51.377171
          ],
          [
            -2.3584336,
            51.3772504
          ],
          [
            -2.3589835,
            51.3773866
          ],
          [
            -2.3595864,
            51.3774863
          ],
          [
            -2.3611626,
            51.377692
          ],
          [
            -2.3617199,
            51.3778035
          ],
          [
            -2.3622391,
            51.3779374
          ],
          [
            -2.3636593,
            51.3783684
          ],
          [
            -2.3641402,
            51.3785176
          ],
          [
            -2.3644156,
            51.3786293
          ],
          [
            -2.3647534,
            51.3788136
          ],
          [
            -2.3654629,
            51.3792437
          ],
          [
            -2.3656709,
            51.3793237
          ],
          [
            -2.3658732,
            51.3793798
          ],
          [
            -2.3660959,
            51.3794083
          ],
          [
            -2.3663765,
            51.3794197
          ],
          [
            -2.3667547,
            51.3794208
          ],
          [
            -2.3675192,
            51.379502
          ],
          [
            -2.3679478,
            51.3795797
          ],
          [
            -2.3682983,
            51.3797012
          ],
          [
            -2.3686452,
            51.3798475
          ],
          [
            -2.3689389,
            51.3800442
          ],
          [
            -2.3691748,
            51.3802319
          ],
          [
            -2.3693777,
            51.380448
          ]
        ]
      },
      "id": "way/35467275"
    },
    {
      "type": "Feature",
      "properties": {
        "@id": "way/37247732",
        "admin_level": "10",
        "boat": "yes",
        "boundary": "administrative",
        "name": "River Avon",
        "name:br": "Stêr Avon",
        "source": "OS OpenData StreetView",
        "waterway": "river",
        "width": "25"
      },
      "geometry": {
        "type": "LineString",
        "coordinates": [
          [
            -2.4055445,
            51.3875777
          ],
          [
            -2.4056365,
            51.3877208
          ],
          [
            -2.4059063,
            51.3881494
          ],
          [
            -2.4063392,
            51.3886287
          ],
          [
            -2.4068596,
            51.3890271
          ],
          [
            -2.4073736,
            51.3892808
          ],
          [
            -2.4078563,
            51.3896398
          ],
          [
            -2.4080612,
            51.3898338
          ],
          [
            -2.4083509,
            51.3902656
          ],
          [
            -2.4085457,
            51.3905763
          ],
          [
            -2.4088927,
            51.3913535
          ],
          [
            -2.4091089,
            51.3917654
          ],
          [
            -2.4092709,
            51.3919708
          ],
          [
            -2.4095471,
            51.3921502
          ],
          [
            -2.4098351,
            51.3923173
          ],
          [
            -2.410148,
            51.3924615
          ],
          [
            -2.4108936,
            51.3926155
          ],
          [
            -2.4116428,
            51.3927112
          ]
        ]
      },
      "id": "way/37247732"
    },
    {
      "type": "Feature",
      "properties": {
        "@id": "way/37657249",
        "cycleway:both": "no",
        "fixme": "Where is the sign for the start of the 3.5t mgw goods vehicle restriction? #surveyme",
        "hgv": "destination",
        "highway": "tertiary",
        "incline": "down",
        "lane_markings": "yes",
        "lanes": "2",
        "lit": "yes",
        "maxspeed": "30 mph",
        "maxweightrating:goods": "3.5",
        "name": "Lansdown Road",
        "oneway": "no",
        "sidewalk": "both",
        "surface": "asphalt"
      },
      "geometry": {
        "type": "LineString",
        "coordinates": [
          [
            -2.3695491,
            51.3998275
          ],
          [
            -2.3693425,
            51.399524
          ],
          [
            -2.3691535,
            51.3992847
          ],
          [
            -2.3686057,
            51.3986569
          ],
          [
            -2.3683601,
            51.3983919
          ],
          [
            -2.3676303,
            51.3975884
          ],
          [
            -2.3667586,
            51.3965441
          ],
          [
            -2.3661953,
            51.3958062
          ],
          [
            -2.3661792,
            51.3957869
          ],
          [
            -2.3658271,
            51.3953446
          ],
          [
            -2.3657852,
            51.3952846
          ],
          [
            -2.3656562,
            51.3951136
          ],
          [
            -2.3654474,
            51.3948671
          ],
          [
            -2.3654034,
            51.394809
          ],
          [
            -2.3651353,
            51.3944878
          ],
          [
            -2.3645919,
            51.3938404
          ],
          [
            -2.3644851,
            51.3937056
          ],
          [
            -2.3641894,
            51.3932581
          ],
          [
            -2.3638313,
            51.3926082
          ],
          [
            -2.363786,
            51.392526
          ]
        ]
      },
      "id": "way/37657249"
    },
    {
      "type": "Feature",
      "properties": {
        "@id": "way/37795343",
        "bridge": "viaduct",
        "bridge:name": "Dolemeads Viaduct",
        "electrified": "no",
        "gauge": "1435",
        "layer": "1",
        "maxspeed": "55 mph",
        "name": "Great Western Main Line",
        "operator": "Network Rail",
        "operator:wikidata": "Q1501071",
        "passenger_lines": "2",
        "railway": "rail",
        "railway:atp": "yes",
        "railway:aws": "yes",
        "railway:tpws": "yes",
        "ref": "MLN1",
        "ref:lor": "GW105",
        "usage": "main",
        "wikidata": "Q116695024"
      },
      "geometry": {
        "type": "LineString",
        "coordinates": [
          [
            -2.3504869,
            51.3817182
          ],
          [
            -2.3507036,
            51.3814133
          ],
          [
            -2.3508262,
            51.3812649
          ],
          [
            -2.350948,
            51.3811166
          ],
          [
            -2.351226,
            51.3808128
          ],
          [
            -2.3515156,
            51.3805201
          ],
          [
            -2.3517943,
            51.3802606
          ],
          [
            -2.3522292,
            51.3799013
          ],
          [
            -2.3523867,
            51.3797701
          ],
          [
            -2.3526367,
            51.3795924
          ],
          [
            -2.3529149,
            51.3794023
          ],
          [
            -2.3531874,
            51.3792318
          ],
          [
            -2.3534799,
            51.3790535
          ],
          [
            -2.3539027,
            51.3788098
          ],
          [
            -2.3541993,
            51.3786506
          ],
          [
            -2.3545956,
            51.3784488
          ]
        ]
      },
      "id": "way/37795343"
    },
    {
      "type": "Feature",
      "properties": {
        "@id": "way/37841882",
        "cycleway:both": "no",
        "highway": "unclassified",
        "lanes": "2",
        "lanes:backward": "1",
        "lanes:forward": "1",
        "name": "Royal Avenue",
        "sidewalk": "both",
        "surface": "asphalt"
      },
      "geometry": {
        "type": "LineString",
        "coordinates": [
          [
            -2.3645186,
            51.3842376
          ],
          [
            -2.3646294,
            51.3844563
          ],
          [
            -2.3646578,
            51.3845197
          ],
          [
            -2.3647756,
            51.3847814
          ],
          [
            -2.3648461,
            51.3848816
          ],
          [
            -2.3649216,
            51.3849555
          ],
          [
            -2.365043,
            51.3850349
          ],
          [
            -2.3651775,
            51.3851073
          ],
          [
            -2.3653066,
            51.3851538
          ],
          [
            -2.365474,
            51.3852023
          ],
          [
            -2.3658777,
            51.3853038
          ],
          [
            -2.367001,
            51.3855177
          ],
          [
            -2.3670695,
            51.3855326
          ],
          [
            -2.3676918,
            51.3856127
          ],
          [
            -2.3702939,
            51.3857917
          ],
          [
            -2.370474,
            51.3858056
          ],
          [
            -2.3706035,
            51.3858146
          ]
        ]
      },
      "id": "way/37841882"
    },
    {
      "type": "Feature",
      "properties": {
        "@id": "way/38009785",
        "electrified": "no",
        "gauge": "1435",
        "maxspeed": "100 mph",
        "name": "Great Western Main Line",
        "operator": "Network Rail",
        "operator:wikidata": "Q1501071",
        "passenger_lines": "2",
        "railway": "rail",
        "railway:atp": "yes",
        "railway:aws": "yes",
        "railway:tpws": "yes",
        "ref": "MLN1",
        "ref:lor": "GW105",
        "source": "GPX+Landsat+1953 7th series",
        "usage": "main"
      },
      "geometry": {
        "type": "LineString",
        "coordinates": [
          [
            -2.398778,
            51.3820619
          ],
          [
            -2.3995904,
            51.3823758
          ],
          [
            -2.4000111,
            51.3825464
          ],
          [
            -2.4007031,
            51.3828451
          ],
          [
            -2.4014383,
            51.3831917
          ]
        ]
      },
      "id": "way/38009785"
    },
    {
      "type": "Feature",
      "properties": {
        "@id": "way/38543875",
        "highway": "residential",
        "lit": "yes",
        "maxspeed": "20 mph",
        "name": "Marlborough Buildings",
        "sidewalk": "both",
        "surface": "asphalt"
      },
      "geometry": {
        "type": "LineString",
        "coordinates": [
          [
            -2.3706035,
            51.3858146
          ],
          [
            -2.3705648,
            51.3859036
          ],
          [
            -2.3704957,
            51.38603
          ],
          [
            -2.3704072,
            51.3861957
          ],
          [
            -2.3700621,
            51.3869954
          ],
          [
            -2.3694804,
            51.388368
          ]
        ]
      },
      "id": "way/38543875"
    },
    {
      "type": "Feature",
      "properties": {
        "@id": "way/38544049",
        "highway": "tertiary",
        "lanes": "1",
        "maxspeed": "20 mph",
        "name": "High Street",
        "oneway": "yes",
        "surface": "asphalt"
      },
      "geometry": {
        "type": "LineString",
        "coordinates": [
          [
            -2.3910471,
            51.3961816
          ],
          [
            -2.3909206,
            51.3961107
          ],
          [
            -2.3908056,
            51.3960462
          ],
          [
            -2.3904514,
            51.3958777
          ],
          [
            -2.3901927,
            51.3957845
          ],
          [
            -2.390157,
            51.3957716
          ],
          [
            -2.3899897,
            51.3957044
          ],
          [
            -2.3898985,
            51.3956596
          ],
          [
            -2.3897898,
            51.3955978
          ],
          [
            -2.3895615,
            51.3954294
          ],
          [
            -2.3892538,
            51.3951784
          ]
        ]
      },
      "id": "way/38544049"
    },
    {
      "type": "Feature",
      "properties": {
        "@id": "way/39219518",
        "cycleway:both": "no",
        "highway": "primary",
        "lanes": "1",
        "lit": "yes",
        "maxspeed": "20 mph",
        "name": "Northgate Street",
        "surface": "asphalt"
      },
      "geometry": {
        "type": "LineString",
        "coordinates": [
          [
            -2.3592912,
            51.3828097
          ],
          [
            -2.3592716,
            51.3827751
          ]
        ]
      },
      "id": "way/39219518"
    },
    {
      "type": "Feature",
      "properties": {
        "@id": "way/39313869",
        "highway": "unclassified",
        "lane_markings": "yes",
        "lanes": "1",
        "maxspeed": "20 mph",
        "motor_vehicle:conditional": "no @ (10:00-18:00)",
        "name": "New Bond Street",
        "oneway": "yes",
        "source:width": "ARCore",
        "surface": "asphalt",
        "turn:lanes": "left",
        "width": "4.3",
        "wikidata": "Q117303636"
      },
      "geometry": {
        "type": "LineString",
        "coordinates": [
          [
            -2.3599161,
            51.3830838
          ],
          [
            -2.3596513,
            51.3831242
          ],
          [
            -2.3595816,
            51.3831326
          ],
          [
            -2.3595424,
            51.3831447
          ],
          [
            -2.3595099,
            51.3831738
          ],
          [
            -2.3594983,
            51.3832112
          ],
          [
            -2.3595125,
            51.383247
          ],
          [
            -2.3595371,
            51.3832779
          ]
        ]
      },
      "id": "way/39313869"
    },
    {
      "type": "Feature",
      "properties": {
        "@id": "way/39331634",
        "boat": "yes",
        "name": "River Avon",
        "name:br": "Stêr Avon",
        "waterway": "river"
      },
      "geometry": {
        "type": "LineString",
        "coordinates": [
          [
            -2.3574377,
            51.3826219
          ],
          [
            -2.3563554,
            51.3818577
          ]
        ]
      },
      "id": "way/39331634"
    },
    {
      "type": "Feature",
      "properties": {
        "@id": "way/39333941",
        "cycleway:left": "no",
        "cycleway:right": "separate",
        "highway": "tertiary",
        "lane_markings": "no",
        "lit": "yes",
        "maxspeed": "20 mph",
        "name": "Monmouth Street",
        "oneway": "yes",
        "sidewalk:left": "separate",
        "sidewalk:right": "yes",
        "sidewalk:right:surface": "paving_stones",
        "surface": "asphalt"
      },
      "geometry": {
        "type": "LineString",
        "coordinates": [
          [
            -2.363007,
            51.3815692
          ],
          [
            -2.3632593,
            51.3817372
          ],
          [
            -2.3635037,
            51.3818996
          ],
          [
            -2.3637426,
            51.382029
          ],
          [
            -2.3639526,
            51.3821227
          ]
        ]
      },
      "id": "way/39333941"
    },
    {
      "type": "Feature",
      "properties": {
        "@id": "way/39340468",
        "cycleway:left": "no",
        "highway": "unclassified",
        "lit": "yes",
        "name": "Queen Street",
        "oneway": "yes",
        "surface": "stone",
        "wikidata": "Q117288114"
      },
      "geometry": {
        "type": "LineString",
        "coordinates": [
          [
            -2.362121,
            51.3832294
          ],
          [
            -2.3620124,
            51.3829269
          ],
          [
            -2.3619119,
            51.3826826
          ]
        ]
      },
      "id": "way/39340468"
    },
    {
      "type": "Feature",
      "properties": {
        "@id": "way/39348546",
        "cycleway:left": "no",
        "highway": "primary",
        "lanes": "1",
        "maxspeed": "20 mph",
        "name": "Pierrepont Street",
        "oneway": "yes",
        "surface": "asphalt"
      },
      "geometry": {
        "type": "LineString",
        "coordinates": [
          [
            -2.3575098,
            51.3814435
          ],
          [
            -2.3575865,
            51.3814903
          ],
          [
            -2.357656,
            51.381512
          ],
          [
            -2.3577168,
            51.3815217
          ],
          [
            -2.3577742,
            51.3815227
          ],
          [
            -2.3578379,
            51.3815185
          ]
        ]
      },
      "id": "way/39348546"
    },
    {
      "type": "Feature",
      "properties": {
        "@id": "way/39348547",
        "cycleway:both": "no",
        "highway": "primary",
        "lanes:backward": "1",
        "lanes:forward": "2",
        "lit": "yes",
        "maxspeed": "20 mph",
        "name": "Pierrepont Street",
        "sidewalk:both:surface": "paving_stones",
        "sidewalk:left": "separate",
        "sidewalk:right": "yes",
        "surface": "asphalt",
        "wikidata": "Q117103364"
      },
      "geometry": {
        "type": "LineString",
        "coordinates": [
          [
            -2.3575098,
            51.3814435
          ],
          [
            -2.3574463,
            51.3813216
          ],
          [
            -2.3573201,
            51.3810886
          ],
          [
            -2.3572856,
            51.381025
          ],
          [
            -2.3572592,
            51.380974
          ],
          [
            -2.3571961,
            51.3808522
          ],
          [
            -2.357173,
            51.3808054
          ]
        ]
      },
      "id": "way/39348547"
    },
    {
      "type": "Feature",
      "properties": {
        "@id": "way/39352131",
        "cycleway:both": "lane",
        "cycleway:both:lane": "exclusive",
        "highway": "primary",
        "lanes": "2",
        "maxspeed": "20 mph",
        "maxweight": "7.5",
        "maxweight:conditional": "none @ delivery",
        "name": "Upper Bristol Road",
        "ref": "A4",
        "surface": "asphalt"
      },
      "geometry": {
        "type": "LineString",
        "coordinates": [
          [
            -2.3679169,
            51.3833865
          ],
          [
            -2.3687686,
            51.3835162
          ],
          [
            -2.369219,
            51.3835682
          ],
          [
            -2.3694445,
            51.3835974
          ],
          [
            -2.3699,
            51.3836784
          ],
          [
            -2.370152,
            51.3837403
          ],
          [
            -2.3708018,
            51.3838703
          ],
          [
            -2.3712261,
            51.3839508
          ],
          [
            -2.3713651,
            51.3839811
          ],
          [
            -2.3715068,
            51.3840161
          ],
          [
            -2.3716825,
            51.3840667
          ],
          [
            -2.3717626,
            51.3840889
          ]
        ]
      },
      "id": "way/39352131"
    },
    {
      "type": "Feature",
      "properties": {
        "@id": "way/39415139",
        "highway": "tertiary",
        "maxspeed": "30 mph",
        "name": "Lansdown Road",
        "oneway": "yes",
        "sidewalk": "left"
      },
      "geometry": {
        "type": "LineString",
        "coordinates": [
          [
            -2.363786,
            51.392526
          ],
          [
            -2.3637181,
            51.3924906
          ],
          [
            -2.3636514,
            51.3924657
          ],
          [
            -2.3636269,
            51.3924587
          ],
          [
            -2.3635872,
            51.3924473
          ]
        ]
      },
      "id": "way/39415139"
    },
    {
      "type": "Feature",
      "properties": {
        "@id": "way/40113135",
        "electrified": "no",
        "gauge": "1435",
        "layer": "-1",
        "maxspeed": "55 mph",
        "name": "Great Western Main Line",
        "operator": "Network Rail",
        "operator:wikidata": "Q1501071",
        "passenger_lines": "2",
        "railway": "rail",
        "railway:atp": "yes",
        "railway:aws": "yes",
        "railway:tpws": "yes",
        "ref": "MLN1",
        "ref:lor": "GW105",
        "source": "gpx",
        "tunnel": "yes",
        "usage": "main",
        "wikidata": "Q26673410"
      },
      "geometry": {
        "type": "LineString",
        "coordinates": [
          [
            -2.3496562,
            51.3833478
          ],
          [
            -2.349767,
            51.3830469
          ],
          [
            -2.3499877,
            51.3825593
          ]
        ]
      },
      "id": "way/40113135"
    },
    {
      "type": "Feature",
      "properties": {
        "@id": "way/40113136",
        "electrified": "no",
        "gauge": "1435",
        "layer": "-1",
        "maxspeed": "55 mph",
        "name": "Great Western Main Line",
        "operator": "Network Rail",
        "operator:wikidata": "Q1501071",
        "passenger_lines": "2",
        "railway": "rail",
        "railway:atp": "yes",
        "railway:aws": "yes",
        "railway:tpws": "yes",
        "ref": "MLN1",
        "source": "gpx",
        "usage": "main"
      },
      "geometry": {
        "type": "LineString",
        "coordinates": [
          [
            -2.3496064,
            51.3835291
          ],
          [
            -2.3496562,
            51.3833478
          ]
        ]
      },
      "id": "way/40113136"
    },
    {
      "type": "Feature",
      "properties": {
        "@id": "way/40113137",
        "cutting": "yes",
        "electrified": "no",
        "gauge": "1435",
        "maxspeed": "75 mph",
        "name": "Great Western Main Line",
        "operator": "Network Rail",
        "operator:wikidata": "Q1501071",
        "passenger_lines": "2",
        "railway": "rail",
        "railway:atp": "yes",
        "railway:aws": "yes",
        "railway:tpws": "yes",
        "ref": "MLN1",
        "ref:lor": "GW105",
        "source": "gpx",
        "usage": "main"
      },
      "geometry": {
        "type": "LineString",
        "coordinates": [
          [
            -2.3416421,
            51.392363
          ],
          [
            -2.3424186,
            51.3921423
          ],
          [
            -2.3428102,
            51.3920177
          ],
          [
            -2.3433064,
            51.391846
          ],
          [
            -2.3435437,
            51.3917529
          ],
          [
            -2.343777,
            51.3916654
          ],
          [
            -2.3441749,
            51.3914892
          ],
          [
            -2.3445067,
            51.3913294
          ],
          [
            -2.344804,
            51.3911842
          ],
          [
            -2.345102,
            51.3910242
          ],
          [
            -2.3453456,
            51.3908933
          ],
          [
            -2.3455671,
            51.3907552
          ],
          [
            -2.345658,
            51.3906938
          ],
          [
            -2.3461564,
            51.3903571
          ],
          [
            -2.3463603,
            51.390202
          ],
          [
            -2.3465644,
            51.3900487
          ],
          [
            -2.3468866,
            51.3897671
          ],
          [
            -2.3470565,
            51.3896009
          ],
          [
            -2.3472209,
            51.3894376
          ],
          [
            -2.3473456,
            51.3893138
          ],
          [
            -2.3474679,
            51.3891746
          ],
          [
            -2.3478273,
            51.3887464
          ],
          [
            -2.347981,
            51.3885165
          ],
          [
            -2.3481562,
            51.3882532
          ],
          [
            -2.3482813,
            51.3880519
          ],
          [
            -2.3484377,
            51.3877338
          ],
          [
            -2.3485233,
            51.3875369
          ],
          [
            -2.3486965,
            51.3871401
          ],
          [
            -2.3487791,
            51.3868653
          ],
          [
            -2.3488231,
            51.3866871
          ],
          [
            -2.3491145,
            51.3855057
          ],
          [
            -2.3491875,
            51.3851855
          ],
          [
            -2.3493342,
            51.3845961
          ],
          [
            -2.3494518,
            51.3841234
          ]
        ]
      },
      "id": "way/40113137"
    },
    {
      "type": "Feature",
      "properties": {
        "@id": "way/40113138",
        "electrified": "no",
        "gauge": "1435",
        "layer": "-1",
        "maxspeed": "55 mph",
        "name": "Great Western Main Line",
        "operator": "Network Rail",
        "operator:wikidata": "Q1501071",
        "passenger_lines": "2",
        "railway": "rail",
        "railway:atp": "yes",
        "railway:aws": "yes",
        "railway:tpws": "yes",
        "ref": "MLN1",
        "ref:lor": "GW105",
        "source": "gpx",
        "tunnel": "yes",
        "usage": "main",
        "wikidata": "Q26673410"
      },
      "geometry": {
        "type": "LineString",
        "coordinates": [
          [
            -2.3494518,
            51.3841234
          ],
          [
            -2.3496064,
            51.3835291
          ]
        ]
      },
      "id": "way/40113138"
    },
    {
      "type": "Feature",
      "properties": {
        "@id": "way/40993636",
        "highway": "tertiary",
        "maxspeed": "20 mph",
        "name": "High Street"
      },
      "geometry": {
        "type": "LineString",
        "coordinates": [
          [
            -2.3929143,
            51.3800154
          ],
          [
            -2.3930157,
            51.3800009
          ],
          [
            -2.3936896,
            51.3798632
          ],
          [
            -2.3937935,
            51.379846
          ],
          [
            -2.3938884,
            51.3798323
          ],
          [
            -2.3939835,
            51.3798222
          ],
          [
            -2.3941694,
            51.3798168
          ],
          [
            -2.3943149,
            51.3798272
          ],
          [
            -2.3944573,
            51.3798456
          ],
          [
            -2.3947158,
            51.3798914
          ],
          [
            -2.3948367,
            51.3799135
          ],
          [
            -2.3953987,
            51.3800529
          ],
          [
            -2.3955036,
            51.3800837
          ],
          [
            -2.3955855,
            51.3801121
          ],
          [
            -2.3957036,
            51.3801565
          ],
          [
            -2.3960275,
            51.3802961
          ],
          [
            -2.3962139,
            51.3803895
          ],
          [
            -2.3962558,
            51.3804187
          ],
          [
            -2.3964814,
            51.3805713
          ],
          [
            -2.3966325,
            51.3806735
          ],
          [
            -2.3967662,
            51.3807683
          ]
        ]
      },
      "id": "way/40993636"
    },
    {
      "type": "Feature",
      "properties": {
        "@id": "way/40993637",
        "highway": "tertiary",
        "maxspeed": "20 mph",
        "name": "High Street",
        "oneway": "yes"
      },
      "geometry": {
        "type": "LineString",
        "coordinates": [
          [
            -2.3907071,
            51.380208
          ],
          [
            -2.3907599,
            51.3801872
          ],
          [
            -2.3909518,
            51.3801256
          ],
          [
            -2.3911122,
            51.3801067
          ],
          [
            -2.3916924,
            51.3800666
          ]
        ]
      },
      "id": "way/40993637"
    },
    {
      "type": "Feature",
      "properties": {
        "@id": "way/41273050",
        "boat": "yes",
        "name": "River Avon",
        "name:br": "Stêr Avon",
        "waterway": "river",
        "width": "25"
      },
      "geometry": {
        "type": "LineString",
        "coordinates": [
          [
            -2.3981102,
            51.3826294
          ],
          [
            -2.3992166,
            51.3829051
          ],
          [
            -2.3995364,
            51.3830262
          ],
          [
            -2.4008782,
            51.3837443
          ],
          [
            -2.402174,
            51.3845534
          ],
          [
            -2.4039413,
            51.3859807
          ],
          [
            -2.4047835,
            51.3868344
          ],
          [
            -2.4054326,
            51.3874035
          ],
          [
            -2.4055445,
            51.3875777
          ]
        ]
      },
      "id": "way/41273050"
    },
    {
      "type": "Feature",
      "properties": {
        "@id": "way/41273052",
        "boat": "yes",
        "name": "River Avon",
        "name:br": "Stêr Avon",
        "waterway": "river",
        "width": "12"
      },
      "geometry": {
        "type": "LineString",
        "coordinates": [
          [
            -2.3892429,
            51.3815565
          ],
          [
            -2.3897414,
            51.3816553
          ],
          [
            -2.3904084,
            51.381764
          ],
          [
            -2.3967357,
            51.382544
          ]
        ]
      },
      "id": "way/41273052"
    },
    {
      "type": "Feature",
      "properties": {
        "@id": "way/41273054",
        "boat": "yes",
        "lock": "yes",
        "lock_name": "Weston Lock",
        "lock_ref": "6",
        "name": "River Avon",
        "name:br": "Stêr Avon",
        "waterway": "river",
        "width": "5",
        "wikidata": "Q3577617",
        "wikipedia": "en:Weston Lock"
      },
      "geometry": {
        "type": "LineString",
        "coordinates": [
          [
            -2.3967357,
            51.382544
          ],
          [
            -2.3971892,
            51.3826041
          ]
        ]
      },
      "id": "way/41273054"
    },
    {
      "type": "Feature",
      "properties": {
        "@id": "way/42741904",
        "highway": "trunk",
        "lanes": "2",
        "maxspeed": "30 mph",
        "name": "Lower Bristol Road",
        "oneway": "yes",
        "ref": "A36",
        "sidewalk:left": "separate",
        "surface": "asphalt"
      },
      "geometry": {
        "type": "LineString",
        "coordinates": [
          [
            -2.3616445,
            51.3775355
          ],
          [
            -2.3615179,
            51.3775339
          ],
          [
            -2.3613777,
            51.3775058
          ],
          [
            -2.3612129,
            51.3774654
          ]
        ]
      },
      "id": "way/42741904"
    },
    {
      "type": "Feature",
      "properties": {
        "@id": "way/43803221",
        "cycleway:both": "no",
        "highway": "primary",
        "lanes": "1",
        "lit": "yes",
        "maxspeed": "20 mph",
        "motor_vehicle": "yes",
        "name": "Dorchester Street",
        "oneway": "yes",
        "sidewalk:left": "separate",
        "sidewalk:right": "no",
        "surface": "asphalt"
      },
      "geometry": {
        "type": "LineString",
        "coordinates": [
          [
            -2.3597547,
            51.3782041
          ],
          [
            -2.3597216,
            51.3781623
          ],
          [
            -2.3597,
            51.3781377
          ],
          [
            -2.3596675,
            51.3781155
          ],
          [
            -2.3596318,
            51.3780956
          ],
          [
            -2.3595864,
            51.3780798
          ],
          [
            -2.3595101,
            51.3780564
          ],
          [
            -2.3593768,
            51.3780312
          ]
        ]
      },
      "id": "way/43803221"
    },
    {
      "type": "Feature",
      "properties": {
        "@id": "way/48206750",
        "highway": "residential",
        "lit": "yes",
        "maxspeed": "20 mph",
        "name": "Great Pulteney Street",
        "oneway": "yes",
        "sidewalk": "separate",
        "surface": "asphalt"
      },
      "geometry": {
        "type": "LineString",
        "coordinates": [
          [
            -2.356262,
            51.383724
          ],
          [
            -2.3558398,
            51.3838641
          ],
          [
            -2.3553192,
            51.3840369
          ]
        ]
      },
      "id": "way/48206750"
    },
    {
      "type": "Feature",
      "properties": {
        "@id": "way/48207220",
        "cycleway:left": "no",
        "highway": "primary",
        "lanes": "1",
        "lit": "yes",
        "maxspeed": "20 mph",
        "name": "High Street",
        "oneway": "yes",
        "sidewalk": "right",
        "source:width": "ARCore",
        "surface": "asphalt",
        "turn:lanes": "right",
        "width": "5.1",
        "wikidata": "Q116961451"
      },
      "geometry": {
        "type": "LineString",
        "coordinates": [
          [
            -2.3591898,
            51.3825199
          ],
          [
            -2.3591723,
            51.3825978
          ],
          [
            -2.3591358,
            51.3826422
          ],
          [
            -2.3591123,
            51.3826687
          ],
          [
            -2.3590831,
            51.3826922
          ],
          [
            -2.3590719,
            51.3826978
          ],
          [
            -2.3590434,
            51.382712
          ],
          [
            -2.3589952,
            51.3827294
          ]
        ]
      },
      "id": "way/48207220"
    },
    {
      "type": "Feature",
      "properties": {
        "@id": "way/48207221",
        "cycleway:left": "no",
        "highway": "primary",
        "lanes": "1",
        "lit": "yes",
        "maxspeed": "20 mph",
        "name": "Northgate Street",
        "oneway": "yes",
        "sidewalk": "left",
        "source:width": "ARCore",
        "surface": "asphalt",
        "width": "5.1"
      },
      "geometry": {
        "type": "LineString",
        "coordinates": [
          [
            -2.3592716,
            51.3827751
          ],
          [
            -2.3592218,
            51.3827508
          ],
          [
            -2.3592119,
            51.3827462
          ],
          [
            -2.3591981,
            51.3827397
          ],
          [
            -2.3591561,
            51.3827265
          ]
        ]
      },
      "id": "way/48207221"
    },
    {
      "type": "Feature",
      "properties": {
        "@id": "way/48586337",
        "highway": "residential",
        "maxspeed": "20 mph",
        "name": "Great Pulteney Street",
        "oneway": "yes",
        "smoothness": "excellent",
        "surface": "asphalt"
      },
      "geometry": {
        "type": "LineString",
        "coordinates": [
          [
            -2.3515749,
            51.3853643
          ],
          [
            -2.3516643,
            51.3853786
          ],
          [
            -2.3517481,
            51.385377
          ],
          [
            -2.3518295,
            51.3853625
          ],
          [
            -2.3521667,
            51.3852626
          ]
        ]
      },
      "id": "way/48586337"
    },
    {
      "type": "Feature",
      "properties": {
        "@id": "way/48965891",
        "boat": "no",
        "name": "River Avon",
        "name:br": "Stêr Avon",
        "waterway": "river"
      },
      "geometry": {
        "type": "LineString",
        "coordinates": [
          [
            -2.3577842,
            51.3828547
          ],
          [
            -2.3577144,
            51.3827761
          ],
          [
            -2.35766,
            51.3827493
          ],
          [
            -2.3575172,
            51.382669
          ],
          [
            -2.3574377,
            51.3826219
          ]
        ]
      },
      "id": "way/48965891"
    },
    {
      "type": "Feature",
      "properties": {
        "@id": "way/48965893",
        "boat": "yes",
        "name": "River Avon",
        "name:br": "Stêr Avon",
        "waterway": "river"
      },
      "geometry": {
        "type": "LineString",
        "coordinates": [
          [
            -2.3563554,
            51.3818577
          ],
          [
            -2.3561025,
            51.3815753
          ],
          [
            -2.3554203,
            51.3809542
          ],
          [
            -2.3550429,
            51.3805129
          ],
          [
            -2.3549103,
            51.3803616
          ],
          [
            -2.3548041,
            51.3801301
          ],
          [
            -2.3547827,
            51.3799996
          ],
          [
            -2.3547925,
            51.3798571
          ],
          [
            -2.3550315,
            51.3793719
          ],
          [
            -2.3550645,
            51.3792517
          ],
          [
            -2.3550748,
            51.379034
          ],
          [
            -2.355033,
            51.3787827
          ],
          [
            -2.3548967,
            51.3782381
          ],
          [
            -2.3549262,
            51.3778371
          ],
          [
            -2.3549841,
            51.3776423
          ],
          [
            -2.355029,
            51.3775818
          ],
          [
            -2.3551243,
            51.3774531
          ],
          [
            -2.3553007,
            51.3773081
          ],
          [
            -2.3553812,
            51.3772543
          ]
        ]
      },
      "id": "way/48965893"
    },
    {
      "type": "Feature",
      "properties": {
        "@id": "way/48966736",
        "boat": "yes",
        "name": "River Avon",
        "name:br": "Stêr Avon",
        "waterway": "river",
        "width": "25"
      },
      "geometry": {
        "type": "LineString",
        "coordinates": [
          [
            -2.3693777,
            51.380448
          ],
          [
            -2.3695511,
            51.3806943
          ],
          [
            -2.3696216,
            51.3808993
          ],
          [
            -2.3696541,
            51.3811314
          ],
          [
            -2.3697191,
            51.3814659
          ],
          [
            -2.3697751,
            51.3815534
          ],
          [
            -2.3698576,
            51.3816377
          ],
          [
            -2.3699704,
            51.3817143
          ],
          [
            -2.3704847,
            51.3820013
          ],
          [
            -2.3714603,
            51.3828017
          ],
          [
            -2.3718449,
            51.3830223
          ],
          [
            -2.3722192,
            51.3831814
          ],
          [
            -2.3724956,
            51.3832653
          ],
          [
            -2.3728518,
            51.3833418
          ],
          [
            -2.3732112,
            51.3834623
          ],
          [
            -2.3741833,
            51.3839632
          ],
          [
            -2.3745573,
            51.3841003
          ],
          [
            -2.3749587,
            51.3842069
          ],
          [
            -2.3753768,
            51.3842829
          ],
          [
            -2.3784533,
            51.3846136
          ],
          [
            -2.3788847,
            51.3846445
          ],
          [
            -2.3792107,
            51.3846413
          ],
          [
            -2.3795617,
            51.384605
          ],
          [
            -2.3799698,
            51.3845131
          ],
          [
            -2.3805967,
            51.3842771
          ],
          [
            -2.3814693,
            51.3839888
          ],
          [
            -2.3817566,
            51.3838588
          ],
          [
            -2.3820129,
            51.3836933
          ],
          [
            -2.3827074,
            51.3831657
          ],
          [
            -2.3828614,
            51.3830482
          ],
          [
            -2.3830599,
            51.3829565
          ],
          [
            -2.3833203,
            51.3828828
          ],
          [
            -2.3838886,
            51.3828091
          ],
          [
            -2.3845015,
            51.3826777
          ],
          [
            -2.384928,
            51.3825476
          ],
          [
            -2.3857256,
            51.3822289
          ],
          [
            -2.3863311,
            51.3820521
          ],
          [
            -2.3869899,
            51.3819206
          ],
          [
            -2.3892429,
            51.3815565
          ]
        ]
      },
      "id": "way/48966736"
    },
    {
      "type": "Feature",
      "properties": {
        "@id": "way/49549785",
        "highway": "residential",
        "junction": "roundabout",
        "maxspeed": "20 mph",
        "maxspeed:type": "sign",
        "name": "The Circus",
        "surface": "asphalt",
        "wikidata": "Q893229"
      },
      "geometry": {
        "type": "LineString",
        "coordinates": [
          [
            -2.3639413,
            51.3856483
          ],
          [
            -2.3640567,
            51.3856398
          ],
          [
            -2.3641722,
            51.385648
          ],
          [
            -2.3642816,
            51.3856726
          ],
          [
            -2.364379,
            51.3857121
          ],
          [
            -2.3644593,
            51.3857646
          ],
          [
            -2.3645182,
            51.3858271
          ],
          [
            -2.3645525,
            51.3858964
          ],
          [
            -2.3645605,
            51.3859688
          ],
          [
            -2.3645416,
            51.3860404
          ]
        ]
      },
      "id": "way/49549785"
    },
    {
      "type": "Feature",
      "properties": {
        "@id": "way/49549786",
        "highway": "residential",
        "junction": "roundabout",
        "maxspeed": "20 mph",
        "maxspeed:type": "sign",
        "name": "The Circus",
        "surface": "asphalt",
        "wikidata": "Q893229"
      },
      "geometry": {
        "type": "LineString",
        "coordinates": [
          [
            -2.3645416,
            51.3860404
          ],
          [
            -2.3644653,
            51.3861382
          ],
          [
            -2.3643401,
            51.3862139
          ],
          [
            -2.3641809,
            51.3862585
          ],
          [
            -2.364007,
            51.3862664
          ],
          [
            -2.3638392,
            51.3862369
          ],
          [
            -2.3636976,
            51.3861734
          ],
          [
            -2.3636094,
            51.3860967
          ],
          [
            -2.3635617,
            51.3860072
          ],
          [
            -2.3635587,
            51.3859128
          ],
          [
            -2.3636008,
            51.3858222
          ],
          [
            -2.3636841,
            51.3857434
          ],
          [
            -2.3638011,
            51.3856837
          ],
          [
            -2.3639413,
            51.3856483
          ]
        ]
      },
      "id": "way/49549786"
    },
    {
      "type": "Feature",
      "properties": {
        "@id": "way/52573117",
        "highway": "primary",
        "lanes": "2",
        "lit": "yes",
        "maxspeed": "20 mph",
        "name": "Southgate Street",
        "oneway": "yes",
        "sidewalk": "separate",
        "surface": "asphalt"
      },
      "geometry": {
        "type": "LineString",
        "coordinates": [
          [
            -2.3597547,
            51.3782041
          ],
          [
            -2.3597554,
            51.3781474
          ],
          [
            -2.3597583,
            51.3780709
          ],
          [
            -2.3597699,
            51.3779688
          ]
        ]
      },
      "id": "way/52573117"
    },
    {
      "type": "Feature",
      "properties": {
        "@id": "way/52573119",
        "highway": "primary",
        "lanes": "1",
        "maxspeed": "20 mph",
        "motor_vehicle:conditional": "no @ (10:00-18:00)",
        "name": "High Street",
        "oneway": "yes",
        "psv": "yes",
        "sidewalk": "left",
        "source:width": "ARCore",
        "surface": "asphalt",
        "taxi": "yes",
        "width": "4",
        "wikidata": "Q116961451"
      },
      "geometry": {
        "type": "LineString",
        "coordinates": [
          [
            -2.3591898,
            51.3825199
          ],
          [
            -2.3592255,
            51.3825744
          ],
          [
            -2.3592397,
            51.3826098
          ],
          [
            -2.3592507,
            51.3826548
          ]
        ]
      },
      "id": "way/52573119"
    },
    {
      "type": "Feature",
      "properties": {
        "@id": "way/54401052",
        "cycleway:both": "no",
        "highway": "residential",
        "lit": "yes",
        "maxspeed": "20 mph",
        "name": "Great Pulteney Street",
        "sidewalk": "both",
        "sidewalk:both:surface": "paving_stones",
        "smoothness": "good",
        "surface": "asphalt"
      },
      "geometry": {
        "type": "LineString",
        "coordinates": [
          [
            -2.3521667,
            51.3852626
          ],
          [
            -2.3531259,
            51.384892
          ],
          [
            -2.3538688,
            51.3846038
          ],
          [
            -2.3546306,
            51.3843047
          ],
          [
            -2.3553192,
            51.3840369
          ]
        ]
      },
      "id": "way/54401052"
    },
    {
      "type": "Feature",
      "properties": {
        "@id": "way/55290798",
        "highway": "primary",
        "maxspeed": "20 mph",
        "maxweight": "7.5",
        "maxweight:conditional": "none @ delivery",
        "name": "George Street",
        "ref": "A4",
        "surface": "asphalt",
        "wikidata": "Q117189118"
      },
      "geometry": {
        "type": "LineString",
        "coordinates": [
          [
            -2.361967,
            51.3849008
          ],
          [
            -2.3624024,
            51.3848061
          ],
          [
            -2.3627857,
            51.3847326
          ],
          [
            -2.3628826,
            51.3847144
          ],
          [
            -2.3633893,
            51.3846324
          ],
          [
            -2.3634363,
            51.3846216
          ],
          [
            -2.3634681,
            51.3846091
          ]
        ]
      },
      "id": "way/55290798"
    },
    {
      "type": "Feature",
      "properties": {
        "@id": "way/55290812",
        "cycleway:both": "no",
        "highway": "primary",
        "lane_markings": "no",
        "lanes": "1",
        "lit": "yes",
        "maxspeed": "20 mph",
        "motor_vehicle:conditional": "no @ (10:00-18:00)",
        "name": "Northgate Street",
        "surface": "asphalt"
      },
      "geometry": {
        "type": "LineString",
        "coordinates": [
          [
            -2.3593859,
            51.3830132
          ],
          [
            -2.3593488,
            51.3829396
          ],
          [
            -2.3593049,
            51.382852
          ],
          [
            -2.3592912,
            51.3828097
          ]
        ]
      },
      "id": "way/55290812"
    },
    {
      "type": "Feature",
      "properties": {
        "@id": "way/55296264",
        "highway": "unclassified",
        "lane_markings": "yes",
        "lanes": "1",
        "maxspeed": "20 mph",
        "motor_vehicle:conditional": "no @ (10:00-18:00)",
        "name": "New Bond Street",
        "oneway": "yes",
        "psv": "yes",
        "source:width": "ARCore",
        "surface": "asphalt",
        "taxi": "yes",
        "turn:lanes": "right",
        "width": "4.5",
        "wikidata": "Q117303636"
      },
      "geometry": {
        "type": "LineString",
        "coordinates": [
          [
            -2.3599161,
            51.3830838
          ],
          [
            -2.3597175,
            51.3830884
          ],
          [
            -2.3596436,
            51.3830916
          ],
          [
            -2.3595895,
            51.3830933
          ],
          [
            -2.3595501,
            51.3830903
          ],
          [
            -2.3595144,
            51.3830846
          ],
          [
            -2.3594771,
            51.3830739
          ],
          [
            -2.3594421,
            51.383057
          ],
          [
            -2.3594141,
            51.3830387
          ],
          [
            -2.3593859,
            51.3830132
          ]
        ]
      },
      "id": "way/55296264"
    },
    {
      "type": "Feature",
      "properties": {
        "@id": "way/59560374",
        "highway": "residential",
        "maxspeed": "20 mph",
        "maxspeed:type": "sign",
        "name": "Catharine Place"
      },
      "geometry": {
        "type": "LineString",
        "coordinates": [
          [
            -2.3657166,
            51.3877121
          ],
          [
            -2.3658401,
            51.3874254
          ],
          [
            -2.3659839,
            51.3871265
          ]
        ]
      },
      "id": "way/59560374"
    },
    {
      "type": "Feature",
      "properties": {
        "@id": "way/59560375",
        "highway": "residential",
        "maxspeed": "20 mph",
        "maxspeed:type": "sign",
        "name": "Catharine Place"
      },
      "geometry": {
        "type": "LineString",
        "coordinates": [
          [
            -2.3654967,
            51.3876759
          ],
          [
            -2.3656182,
            51.3873811
          ],
          [
            -2.3657447,
            51.3870821
          ]
        ]
      },
      "id": "way/59560375"
    },
    {
      "type": "Feature",
      "properties": {
        "@id": "way/59969641",
        "highway": "unclassified",
        "lane_markings": "no",
        "lanes": "1",
        "maxspeed": "20 mph",
        "motor_vehicle:conditional": "no @ (10:00-18:00)",
        "name": "New Bond Street",
        "oneway": "yes",
        "surface": "asphalt"
      },
      "geometry": {
        "type": "LineString",
        "coordinates": [
          [
            -2.3611952,
            51.3832673
          ],
          [
            -2.3610901,
            51.3831609
          ],
          [
            -2.3610319,
            51.3831106
          ]
        ]
      },
      "id": "way/59969641"
    },
    {
      "type": "Feature",
      "properties": {
        "@id": "way/59969643",
        "highway": "unclassified",
        "lane_markings": "no",
        "lanes": "1",
        "maxspeed": "20 mph",
        "motor_vehicle:conditional": "no @ (10:00-18:00)",
        "name": "New Bond Street",
        "oneway": "yes",
        "source:width": "ARCore",
        "surface": "asphalt",
        "width": "5.6",
        "wikidata": "Q117303636"
      },
      "geometry": {
        "type": "LineString",
        "coordinates": [
          [
            -2.3609641,
            51.3830748
          ],
          [
            -2.3609228,
            51.3830646
          ],
          [
            -2.3608416,
            51.3830501
          ],
          [
            -2.3607679,
            51.3830421
          ],
          [
            -2.3606775,
            51.3830417
          ],
          [
            -2.3604921,
            51.3830461
          ],
          [
            -2.3600927,
            51.383073
          ]
        ]
      },
      "id": "way/59969643"
    },
    {
      "type": "Feature",
      "properties": {
        "@id": "way/74552388",
        "highway": "primary",
        "lane_markings": "no",
        "lanes": "2",
        "maxspeed": "20 mph",
        "name": "Walcot Street",
        "old_name": "Lady Mead",
        "oneway": "no",
        "ref": "A3039",
        "surface": "asphalt",
        "wikidata": "Q117217910"
      },
      "geometry": {
        "type": "LineString",
        "coordinates": [
          [
            -2.3593196,
            51.387047
          ],
          [
            -2.3593723,
            51.3868515
          ],
          [
            -2.3593938,
            51.3868001
          ],
          [
            -2.3594841,
            51.3866384
          ],
          [
            -2.359523,
            51.3865382
          ],
          [
            -2.3595942,
            51.3862458
          ],
          [
            -2.3596123,
            51.386205
          ],
          [
            -2.3596972,
            51.3860286
          ],
          [
            -2.359717,
            51.3859663
          ],
          [
            -2.3597212,
            51.3859522
          ],
          [
            -2.3597649,
            51.3857699
          ],
          [
            -2.3597719,
            51.3856968
          ],
          [
            -2.3597583,
            51.3856335
          ],
          [
            -2.3596481,
            51.3853852
          ]
        ]
      },
      "id": "way/74552388"
    },
    {
      "type": "Feature",
      "properties": {
        "@id": "way/90425997",
        "designation": "public_footpath",
        "foot": "designated",
        "handrail": "yes",
        "highway": "steps",
        "incline": "up",
        "name": "Gravel Walk",
        "prow_ref": "BC45/16",
        "ramp": "no",
        "step_count": "8",
        "surface": "asphalt",
        "tactile_paving": "no"
      },
      "geometry": {
        "type": "LineString",
        "coordinates": [
          [
            -2.3643015,
            51.3843269
          ],
          [
            -2.3643118,
            51.3843541
          ]
        ]
      },
      "id": "way/90425997"
    },
    {
      "type": "Feature",
      "properties": {
        "@id": "way/113957867",
        "cycleway:left": "no",
        "highway": "tertiary",
        "lane_markings": "no",
        "maxspeed": "20 mph",
        "name": "High Street",
        "oneway": "yes",
        "surface": "asphalt"
      },
      "geometry": {
        "type": "LineString",
        "coordinates": [
          [
            -2.3893772,
            51.3947995
          ],
          [
            -2.3894174,
            51.3947379
          ],
          [
            -2.3894384,
            51.3946737
          ],
          [
            -2.3894621,
            51.3945339
          ],
          [
            -2.3894407,
            51.3943937
          ]
        ]
      },
      "id": "way/113957867"
    },
    {
      "type": "Feature",
      "properties": {
        "@id": "way/127616502",
        "bridge": "viaduct",
        "electrified": "no",
        "gauge": "1435",
        "layer": "2",
        "maxspeed": "40 mph",
        "name": "Great Western Main Line",
        "operator": "Network Rail",
        "operator:wikidata": "Q1501071",
        "passenger_lines": "2",
        "railway": "rail",
        "railway:atp": "yes",
        "railway:aws": "yes",
        "railway:tpws": "yes",
        "ref": "MLN1",
        "ref:lor": "GW105",
        "usage": "main"
      },
      "geometry": {
        "type": "LineString",
        "coordinates": [
          [
            -2.3651806,
            51.3777157
          ],
          [
            -2.3622648,
            51.377418
          ],
          [
            -2.3604752,
            51.3772352
          ],
          [
            -2.3603827,
            51.3772256
          ],
          [
            -2.3601807,
            51.3772092
          ],
          [
            -2.3600081,
            51.3771976
          ],
          [
            -2.3598541,
            51.3771898
          ],
          [
            -2.3596579,
            51.3771831
          ],
          [
            -2.3594616,
            51.3771817
          ],
          [
            -2.3592596,
            51.3771847
          ],
          [
            -2.3590403,
            51.3771933
          ],
          [
            -2.3588473,
            51.377207
          ],
          [
            -2.3587058,
            51.377218
          ],
          [
            -2.3584733,
            51.3772428
          ],
          [
            -2.3581937,
            51.3772802
          ],
          [
            -2.3580046,
            51.3773116
          ],
          [
            -2.3577936,
            51.3773543
          ],
          [
            -2.3575575,
            51.3774134
          ],
          [
            -2.3572847,
            51.3774806
          ],
          [
            -2.3567451,
            51.3776339
          ],
          [
            -2.356358,
            51.3777474
          ],
          [
            -2.3561624,
            51.3778148
          ],
          [
            -2.3558713,
            51.3779175
          ],
          [
            -2.3556205,
            51.3780171
          ],
          [
            -2.3554207,
            51.3781024
          ],
          [
            -2.3549384,
            51.3783266
          ],
          [
            -2.3546148,
            51.3784857
          ]
        ]
      },
      "id": "way/127616502"
    },
    {
      "type": "Feature",
      "properties": {
        "@id": "way/127632770",
        "cycleway:left": "separate",
        "cycleway:right": "no",
        "highway": "tertiary",
        "lanes": "1",
        "lit": "yes",
        "name": "Monmouth Street",
        "oneway": "yes",
        "sidewalk:left": "separate",
        "sidewalk:right": "no",
        "surface": "asphalt"
      },
      "geometry": {
        "type": "LineString",
        "coordinates": [
          [
            -2.364665,
            51.3824144
          ],
          [
            -2.3648464,
            51.3824473
          ],
          [
            -2.364903,
            51.382454
          ],
          [
            -2.364957,
            51.3824521
          ],
          [
            -2.3650124,
            51.3824376
          ],
          [
            -2.3650672,
            51.3824099
          ]
        ]
      },
      "id": "way/127632770"
    },
    {
      "type": "Feature",
      "properties": {
        "@id": "way/127654224",
        "highway": "tertiary",
        "maxspeed": "30 mph",
        "name": "Lansdown Road",
        "oneway": "yes",
        "sidewalk": "left"
      },
      "geometry": {
        "type": "LineString",
        "coordinates": [
          [
            -2.3637409,
            51.3922779
          ],
          [
            -2.3637406,
            51.3922824
          ],
          [
            -2.3637369,
            51.392336
          ],
          [
            -2.363745,
            51.3923854
          ],
          [
            -2.363786,
            51.392526
          ]
        ]
      },
      "id": "way/127654224"
    },
    {
      "type": "Feature",
      "properties": {
        "@id": "way/127654225",
        "fixme": "Where is the sign for the start of the 3.5t mgw goods vehicle restriction? #surveyme",
        "hgv": "delivery",
        "highway": "tertiary",
        "lane_markings": "yes",
        "lanes": "2",
        "lit": "yes",
        "maxspeed": "20 mph",
        "maxspeed:type": "sign",
        "maxweightrating:goods": "3.5",
        "name": "Lansdown Road",
        "oneway": "no",
        "surface": "asphalt",
        "wikidata": "Q117049204"
      },
      "geometry": {
        "type": "LineString",
        "coordinates": [
          [
            -2.3637409,
            51.3922779
          ],
          [
            -2.3637762,
            51.3922151
          ],
          [
            -2.3638771,
            51.3919394
          ],
          [
            -2.3641186,
            51.3912532
          ],
          [
            -2.3641941,
            51.3910186
          ],
          [
            -2.3642051,
            51.390985
          ],
          [
            -2.3643267,
            51.3906344
          ],
          [
            -2.3643394,
            51.3905317
          ],
          [
            -2.3643425,
            51.390441
          ],
          [
            -2.3643358,
            51.3903839
          ],
          [
            -2.3643102,
            51.3903179
          ],
          [
            -2.3642942,
            51.3902865
          ],
          [
            -2.3642722,
            51.3902447
          ],
          [
            -2.3642359,
            51.3901971
          ],
          [
            -2.3641722,
            51.3901433
          ],
          [
            -2.3636836,
            51.3898473
          ],
          [
            -2.3636525,
            51.3898281
          ],
          [
            -2.3635793,
            51.3897725
          ],
          [
            -2.363469,
            51.3896889
          ],
          [
            -2.363167,
            51.3894097
          ],
          [
            -2.3630763,
            51.3893374
          ],
          [
            -2.3629579,
            51.3892639
          ],
          [
            -2.3625956,
            51.389088
          ],
          [
            -2.3622457,
            51.3889497
          ],
          [
            -2.3621454,
            51.388905
          ],
          [
            -2.3620883,
            51.3888733
          ]
        ]
      },
      "id": "way/127654225"
    },
    {
      "type": "Feature",
      "properties": {
        "@id": "way/131628669",
        "highway": "primary",
        "lanes": "2",
        "maxspeed": "20 mph",
        "maxweight": "7.5",
        "maxweight:conditional": "none @ delivery",
        "name": "Queen Square",
        "oneway": "yes",
        "ref": "A4",
        "surface": "asphalt"
      },
      "geometry": {
        "type": "LineString",
        "coordinates": [
          [
            -2.3630432,
            51.383137
          ],
          [
            -2.3634662,
            51.3830722
          ],
          [
            -2.3637538,
            51.3830281
          ],
          [
            -2.3638003,
            51.3830216
          ]
        ]
      },
      "id": "way/131628669"
    },
    {
      "type": "Feature",
      "properties": {
        "@id": "way/133875223",
        "highway": "trunk",
        "lanes": "2",
        "maxspeed": "30 mph",
        "name": "Lower Bristol Road",
        "ref": "A36",
        "sidewalk": "separate",
        "surface": "asphalt"
      },
      "geometry": {
        "type": "LineString",
        "coordinates": [
          [
            -2.3705277,
            51.3796154
          ],
          [
            -2.3704511,
            51.379588
          ]
        ]
      },
      "id": "way/133875223"
    },
    {
      "type": "Feature",
      "properties": {
        "@id": "way/133875226",
        "highway": "trunk",
        "lanes": "3",
        "lanes:forward": "2",
        "maxspeed": "30 mph",
        "name": "Lower Bristol Road",
        "ref": "A36",
        "sidewalk": "separate",
        "surface": "asphalt",
        "turn:lanes:forward": "left|through"
      },
      "geometry": {
        "type": "LineString",
        "coordinates": [
          [
            -2.3739897,
            51.3810839
          ],
          [
            -2.3740552,
            51.3811133
          ]
        ]
      },
      "id": "way/133875226"
    },
    {
      "type": "Feature",
      "properties": {
        "@id": "way/133875229",
        "highway": "trunk",
        "lanes": "2",
        "maxspeed": "30 mph",
        "name": "Lower Bristol Road",
        "ref": "A36",
        "sidewalk": "both",
        "surface": "asphalt"
      },
      "geometry": {
        "type": "LineString",
        "coordinates": [
          [
            -2.3749669,
            51.3813056
          ],
          [
            -2.3764987,
            51.3814756
          ],
          [
            -2.3769118,
            51.3815193
          ]
        ]
      },
      "id": "way/133875229"
    },
    {
      "type": "Feature",
      "properties": {
        "@id": "way/133875232",
        "highway": "trunk",
        "lanes": "2",
        "maxspeed": "30 mph",
        "name": "Lower Bristol Road",
        "oneway": "yes",
        "ref": "A36",
        "sidewalk": "separate",
        "surface": "asphalt"
      },
      "geometry": {
        "type": "LineString",
        "coordinates": [
          [
            -2.3728804,
            51.3806028
          ],
          [
            -2.3731662,
            51.3807191
          ],
          [
            -2.3735068,
            51.3808565
          ],
          [
            -2.3736183,
            51.3809229
          ]
        ]
      },
      "id": "way/133875232"
    },
    {
      "type": "Feature",
      "properties": {
        "@id": "way/133875235",
        "highway": "trunk",
        "lanes": "3",
        "lanes:backward": "2",
        "maxspeed": "30 mph",
        "name": "Lower Bristol Road",
        "ref": "A36",
        "sidewalk": "both",
        "surface": "asphalt"
      },
      "geometry": {
        "type": "LineString",
        "coordinates": [
          [
            -2.3812442,
            51.3821367
          ],
          [
            -2.3815243,
            51.3821548
          ],
          [
            -2.3815799,
            51.3821584
          ],
          [
            -2.3818274,
            51.3821596
          ],
          [
            -2.3820909,
            51.3821494
          ]
        ]
      },
      "id": "way/133875235"
    },
    {
      "type": "Feature",
      "properties": {
        "@id": "way/133875236",
        "highway": "trunk",
        "lanes": "2",
        "maxspeed": "30 mph",
        "name": "Lower Bristol Road",
        "ref": "A36",
        "surface": "asphalt"
      },
      "geometry": {
        "type": "LineString",
        "coordinates": [
          [
            -2.3769118,
            51.3815193
          ],
          [
            -2.3770489,
            51.3815367
          ],
          [
            -2.3773811,
            51.3815777
          ],
          [
            -2.3775195,
            51.3816
          ],
          [
            -2.378104,
            51.3816962
          ],
          [
            -2.3782986,
            51.3817288
          ]
        ]
      },
      "id": "way/133875236"
    },
    {
      "type": "Feature",
      "properties": {
        "@id": "way/133875237",
        "highway": "trunk",
        "lanes": "2",
        "maxspeed": "30 mph",
        "name": "Lower Bristol Road",
        "ref": "A36",
        "surface": "asphalt"
      },
      "geometry": {
        "type": "LineString",
        "coordinates": [
          [
            -2.383761,
            51.3818139
          ],
          [
            -2.384266,
            51.3817086
          ],
          [
            -2.3844457,
            51.3816646
          ],
          [
            -2.3847884,
            51.3815852
          ],
          [
            -2.3856137,
            51.3813875
          ],
          [
            -2.3860902,
            51.3812476
          ],
          [
            -2.3865517,
            51.3810899
          ]
        ]
      },
      "id": "way/133875237"
    },
    {
      "type": "Feature",
      "properties": {
        "@id": "way/133875244",
        "highway": "trunk",
        "lanes": "3",
        "maxspeed": "30 mph",
        "name": "Lower Bristol Road",
        "oneway": "yes",
        "ref": "A36",
        "sidewalk": "separate",
        "surface": "asphalt",
        "turn:lanes": "left|through|right"
      },
      "geometry": {
        "type": "LineString",
        "coordinates": [
          [
            -2.3712314,
            51.3799151
          ],
          [
            -2.3716887,
            51.3801025
          ],
          [
            -2.3720499,
            51.3802535
          ],
          [
            -2.3724107,
            51.380403
          ],
          [
            -2.3728804,
            51.3806028
          ]
        ]
      },
      "id": "way/133875244"
    },
    {
      "type": "Feature",
      "properties": {
        "@id": "way/133875245",
        "highway": "trunk",
        "lanes": "3",
        "lanes:forward": "2",
        "maxspeed": "30 mph",
        "name": "Lower Bristol Road",
        "ref": "A36",
        "sidewalk": "both",
        "surface": "asphalt"
      },
      "geometry": {
        "type": "LineString",
        "coordinates": [
          [
            -2.3782986,
            51.3817288
          ],
          [
            -2.3785349,
            51.381765
          ],
          [
            -2.3790801,
            51.3818446
          ],
          [
            -2.3792681,
            51.381872
          ],
          [
            -2.3807449,
            51.3820735
          ],
          [
            -2.3807837,
            51.382079
          ]
        ]
      },
      "id": "way/133875245"
    },
    {
      "type": "Feature",
      "properties": {
        "@id": "way/133875249",
        "highway": "trunk",
        "lanes": "3",
        "lanes:backward": "2",
        "maxspeed": "30 mph",
        "name": "Lower Bristol Road",
        "ref": "A36",
        "sidewalk": "both",
        "surface": "asphalt"
      },
      "geometry": {
        "type": "LineString",
        "coordinates": [
          [
            -2.3742677,
            51.3811944
          ],
          [
            -2.3743748,
            51.381214
          ],
          [
            -2.3744255,
            51.3812228
          ],
          [
            -2.3744597,
            51.3812283
          ],
          [
            -2.3747004,
            51.3812687
          ]
        ]
      },
      "id": "way/133875249"
    },
    {
      "type": "Feature",
      "properties": {
        "@id": "way/134126231",
        "bridge": "viaduct",
        "bridge:name": "Dolemeads Viaduct",
        "electrified": "no",
        "gauge": "1435",
        "layer": "1",
        "maxspeed": "60 mph",
        "name": "Great Western Main Line",
        "operator": "Network Rail",
        "operator:wikidata": "Q1501071",
        "passenger_lines": "2",
        "railway": "rail",
        "railway:atp": "yes",
        "railway:aws": "yes",
        "railway:tpws": "yes",
        "ref": "MLN1",
        "ref:lor": "GW105",
        "usage": "main",
        "wikidata": "Q116695024"
      },
      "geometry": {
        "type": "LineString",
        "coordinates": [
          [
            -2.3546148,
            51.3784857
          ],
          [
            -2.3542348,
            51.3786713
          ],
          [
            -2.3539268,
            51.378834
          ],
          [
            -2.3535193,
            51.3790667
          ],
          [
            -2.3532175,
            51.3792501
          ],
          [
            -2.3529544,
            51.3794238
          ],
          [
            -2.3526785,
            51.3796159
          ],
          [
            -2.3524363,
            51.3797953
          ],
          [
            -2.3522689,
            51.3799198
          ],
          [
            -2.3518362,
            51.3802771
          ],
          [
            -2.3515566,
            51.3805364
          ],
          [
            -2.3512708,
            51.380824
          ],
          [
            -2.3509957,
            51.3811288
          ],
          [
            -2.3508706,
            51.3812749
          ],
          [
            -2.3507472,
            51.3814334
          ],
          [
            -2.3505265,
            51.3817339
          ]
        ]
      },
      "id": "way/134126231"
    },
    {
      "type": "Feature",
      "properties": {
        "@id": "way/134126232",
        "electrified": "no",
        "gauge": "1435",
        "layer": "-1",
        "maxspeed": "75 mph",
        "name": "Great Western Main Line",
        "operator": "Network Rail",
        "operator:wikidata": "Q1501071",
        "passenger_lines": "2",
        "railway": "rail",
        "railway:atp": "yes",
        "railway:aws": "yes",
        "railway:tpws": "yes",
        "ref": "MLN1",
        "ref:lor": "GW105",
        "source": "gpx",
        "tunnel": "yes",
        "usage": "main",
        "wikidata": "Q26673410"
      },
      "geometry": {
        "type": "LineString",
        "coordinates": [
          [
            -2.3500359,
            51.3825708
          ],
          [
            -2.3498095,
            51.3830566
          ],
          [
            -2.3497031,
            51.3833528
          ]
        ]
      },
      "id": "way/134126232"
    },
    {
      "type": "Feature",
      "properties": {
        "@id": "way/134126233",
        "electrified": "no",
        "gauge": "1435",
        "maxspeed": "75 mph",
        "name": "Great Western Main Line",
        "operator": "Network Rail",
        "operator:wikidata": "Q1501071",
        "passenger_lines": "2",
        "railway": "rail",
        "railway:atp": "yes",
        "railway:aws": "yes",
        "railway:tpws": "yes",
        "ref": "MLN1",
        "source": "gpx",
        "usage": "main"
      },
      "geometry": {
        "type": "LineString",
        "coordinates": [
          [
            -2.3497031,
            51.3833528
          ],
          [
            -2.3496575,
            51.38353
          ]
        ]
      },
      "id": "way/134126233"
    },
    {
      "type": "Feature",
      "properties": {
        "@id": "way/134126234",
        "electrified": "no",
        "gauge": "1435",
        "maxspeed": "75 mph",
        "name": "Great Western Main Line",
        "operator": "Network Rail",
        "operator:wikidata": "Q1501071",
        "passenger_lines": "2",
        "railway": "rail",
        "railway:atp": "yes",
        "railway:aws": "yes",
        "railway:tpws": "yes",
        "ref": "MLN1",
        "ref:lor": "GW105",
        "source": "gpx",
        "usage": "main"
      },
      "geometry": {
        "type": "LineString",
        "coordinates": [
          [
            -2.3505265,
            51.3817339
          ],
          [
            -2.3503554,
            51.381995
          ],
          [
            -2.3500359,
            51.3825708
          ]
        ]
      },
      "id": "way/134126234"
    },
    {
      "type": "Feature",
      "properties": {
        "@id": "way/134126312",
        "electrified": "no",
        "gauge": "1435",
        "layer": "-1",
        "maxspeed": "75 mph",
        "name": "Great Western Main Line",
        "operator": "Network Rail",
        "operator:wikidata": "Q1501071",
        "passenger_lines": "2",
        "railway": "rail",
        "railway:atp": "yes",
        "railway:aws": "yes",
        "railway:tpws": "yes",
        "ref": "MLN1",
        "ref:lor": "GW105",
        "source": "gpx",
        "tunnel": "yes",
        "usage": "main",
        "wikidata": "Q26673410"
      },
      "geometry": {
        "type": "LineString",
        "coordinates": [
          [
            -2.3496575,
            51.38353
          ],
          [
            -2.3495085,
            51.3841295
          ]
        ]
      },
      "id": "way/134126312"
    },
    {
      "type": "Feature",
      "properties": {
        "@id": "way/134126607",
        "cutting": "yes",
        "electrified": "no",
        "gauge": "1435",
        "maxspeed": "75 mph",
        "name": "Great Western Main Line",
        "operator": "Network Rail",
        "operator:wikidata": "Q1501071",
        "passenger_lines": "2",
        "railway": "rail",
        "railway:atp": "yes",
        "railway:aws": "yes",
        "railway:tpws": "yes",
        "ref": "MLN1",
        "ref:lor": "GW105",
        "source": "gpx",
        "usage": "main"
      },
      "geometry": {
        "type": "LineString",
        "coordinates": [
          [
            -2.3495085,
            51.3841295
          ],
          [
            -2.3493904,
            51.3846012
          ],
          [
            -2.3492421,
            51.3851933
          ],
          [
            -2.3488293,
            51.3868798
          ],
          [
            -2.3487478,
            51.387146
          ],
          [
            -2.3485725,
            51.3875444
          ],
          [
            -2.3485046,
            51.3877116
          ],
          [
            -2.3484906,
            51.387746
          ],
          [
            -2.3483391,
            51.3880621
          ],
          [
            -2.3482053,
            51.3882764
          ],
          [
            -2.3480339,
            51.3885308
          ],
          [
            -2.3478744,
            51.3887619
          ],
          [
            -2.3475195,
            51.3891867
          ],
          [
            -2.3473851,
            51.3893334
          ],
          [
            -2.3472798,
            51.3894429
          ],
          [
            -2.3470965,
            51.3896195
          ],
          [
            -2.3469289,
            51.3897825
          ],
          [
            -2.3465985,
            51.3900652
          ],
          [
            -2.3464044,
            51.3902236
          ],
          [
            -2.3461908,
            51.3903838
          ],
          [
            -2.345618,
            51.3907705
          ],
          [
            -2.3453754,
            51.3909128
          ],
          [
            -2.3451386,
            51.3910464
          ],
          [
            -2.3448291,
            51.3912104
          ],
          [
            -2.3445394,
            51.3913599
          ],
          [
            -2.3441959,
            51.391516
          ],
          [
            -2.3438581,
            51.3916626
          ],
          [
            -2.3435737,
            51.3917792
          ],
          [
            -2.343328,
            51.3918694
          ],
          [
            -2.3428322,
            51.3920476
          ],
          [
            -2.3423807,
            51.3921899
          ],
          [
            -2.3416696,
            51.3923931
          ]
        ]
      },
      "id": "way/134126607"
    },
    {
      "type": "Feature",
      "properties": {
        "@id": "way/146880703",
        "bridge": "viaduct",
        "bridge:name": "Twerton Viaduct",
        "electrified": "no",
        "gauge": "1435",
        "layer": "1",
        "maxspeed": "100 mph",
        "name": "Great Western Main Line",
        "operator": "Network Rail",
        "operator:wikidata": "Q1501071",
        "passenger_lines": "2",
        "railway": "rail",
        "railway:atp": "yes",
        "railway:aws": "yes",
        "railway:tpws": "yes",
        "ref": "MLN1",
        "ref:lor": "GW105",
        "source": "gpx",
        "usage": "main",
        "wikidata": "Q26674156"
      },
      "geometry": {
        "type": "LineString",
        "coordinates": [
          [
            -2.3903322,
            51.38021
          ],
          [
            -2.3911081,
            51.380292
          ],
          [
            -2.3914802,
            51.3803352
          ],
          [
            -2.3920328,
            51.3804081
          ],
          [
            -2.3926163,
            51.3804937
          ],
          [
            -2.3934136,
            51.3806274
          ],
          [
            -2.3944025,
            51.380818
          ],
          [
            -2.3948471,
            51.3809164
          ],
          [
            -2.3954008,
            51.3810435
          ],
          [
            -2.3962901,
            51.381271
          ],
          [
            -2.3970897,
            51.3814953
          ],
          [
            -2.3977463,
            51.3817041
          ],
          [
            -2.3983124,
            51.3818928
          ],
          [
            -2.398778,
            51.3820619
          ]
        ]
      },
      "id": "way/146880703"
    },
    {
      "type": "Feature",
      "properties": {
        "@id": "way/170352547",
        "boat": "yes",
        "name": "River Avon",
        "name:br": "Stêr Avon",
        "waterway": "river",
        "width": "20"
      },
      "geometry": {
        "type": "LineString",
        "coordinates": [
          [
            -2.3978152,
            51.3822946
          ],
          [
            -2.3980405,
            51.3824721
          ],
          [
            -2.3981102,
            51.3826294
          ]
        ]
      },
      "id": "way/170352547"
    },
    {
      "type": "Feature",
      "properties": {
        "@id": "way/170352550",
        "boat": "no",
        "name": "River Avon",
        "name:br": "Stêr Avon",
        "waterway": "river",
        "width": "20"
      },
      "geometry": {
        "type": "LineString",
        "coordinates": [
          [
            -2.3969622,
            51.3819799
          ],
          [
            -2.3974668,
            51.3821538
          ],
          [
            -2.3978152,
            51.3822946
          ]
        ]
      },
      "id": "way/170352550"
    },
    {
      "type": "Feature",
      "properties": {
        "@id": "way/175773134",
        "boat": "no",
        "waterway": "river"
      },
      "geometry": {
        "type": "LineString",
        "coordinates": [
          [
            -2.3568974,
            51.3826435
          ],
          [
            -2.356702,
            51.3825352
          ],
          [
            -2.3564915,
            51.3823357
          ]
        ]
      },
      "id": "way/175773134"
    },
    {
      "type": "Feature",
      "properties": {
        "@id": "way/175773141",
        "boat": "yes",
        "waterway": "river"
      },
      "geometry": {
        "type": "LineString",
        "coordinates": [
          [
            -2.3564915,
            51.3823357
          ],
          [
            -2.3563554,
            51.3818577
          ]
        ]
      },
      "id": "way/175773141"
    },
    {
      "type": "Feature",
      "properties": {
        "@id": "way/176464630",
        "electrified": "no",
        "embankment": "yes",
        "gauge": "1435",
        "maxspeed": "90 mph",
        "name": "Great Western Main Line",
        "operator": "Network Rail",
        "operator:wikidata": "Q1501071",
        "passenger_lines": "2",
        "railway": "rail",
        "railway:atp": "yes",
        "railway:aws": "yes",
        "railway:tpws": "yes",
        "ref": "MLN1",
        "ref:lor": "GW105",
        "source": "gpx",
        "usage": "main"
      },
      "geometry": {
        "type": "LineString",
        "coordinates": [
          [
            -2.3903232,
            51.3802409
          ],
          [
            -2.387882,
            51.3799966
          ]
        ]
      },
      "id": "way/176464630"
    },
    {
      "type": "Feature",
      "properties": {
        "@id": "way/176464634",
        "bridge": "yes",
        "electrified": "no",
        "gauge": "1435",
        "layer": "1",
        "maxspeed": "90 mph",
        "name": "Great Western Main Line",
        "operator": "Network Rail",
        "operator:wikidata": "Q1501071",
        "passenger_lines": "2",
        "railway": "rail",
        "railway:atp": "yes",
        "railway:aws": "yes",
        "railway:tpws": "yes",
        "ref": "MLN1",
        "source": "gpx",
        "usage": "main"
      },
      "geometry": {
        "type": "LineString",
        "coordinates": [
          [
            -2.3687887,
            51.3780815
          ],
          [
            -2.3686287,
            51.3780654
          ]
        ]
      },
      "id": "way/176464634"
    },
    {
      "type": "Feature",
      "properties": {
        "@id": "way/176464644",
        "electrified": "no",
        "gauge": "1435",
        "maxspeed": "90 mph",
        "name": "Great Western Main Line",
        "operator": "Network Rail",
        "operator:wikidata": "Q1501071",
        "passenger_lines": "2",
        "railway": "rail",
        "railway:atp": "yes",
        "railway:aws": "yes",
        "railway:tpws": "yes",
        "ref": "MLN1",
        "ref:lor": "GW105",
        "source": "gpx",
        "usage": "main"
      },
      "geometry": {
        "type": "LineString",
        "coordinates": [
          [
            -2.3863359,
            51.3798419
          ],
          [
            -2.3860825,
            51.379816
          ],
          [
            -2.3850509,
            51.379716
          ]
        ]
      },
      "id": "way/176464644"
    },
    {
      "type": "Feature",
      "properties": {
        "@id": "way/176464648",
        "bridge": "viaduct",
        "bridge:name": "Twerton Viaduct",
        "electrified": "no",
        "gauge": "1435",
        "layer": "1",
        "maxspeed": "100 mph",
        "name": "Great Western Main Line",
        "operator": "Network Rail",
        "operator:wikidata": "Q1501071",
        "passenger_lines": "2",
        "railway": "rail",
        "railway:atp": "yes",
        "railway:aws": "yes",
        "railway:tpws": "yes",
        "ref": "MLN1",
        "ref:lor": "GW105",
        "source": "gpx",
        "usage": "main",
        "wikidata": "Q26674156"
      },
      "geometry": {
        "type": "LineString",
        "coordinates": [
          [
            -2.3987491,
            51.382087
          ],
          [
            -2.3982936,
            51.3819204
          ],
          [
            -2.3977249,
            51.3817308
          ],
          [
            -2.3970703,
            51.3815245
          ],
          [
            -2.3962805,
            51.3813003
          ],
          [
            -2.3953901,
            51.381071
          ],
          [
            -2.3948358,
            51.3809422
          ],
          [
            -2.3943992,
            51.3808511
          ],
          [
            -2.3934038,
            51.380658
          ],
          [
            -2.3926108,
            51.3805254
          ],
          [
            -2.392034,
            51.3804414
          ],
          [
            -2.3914735,
            51.3803665
          ],
          [
            -2.3910976,
            51.3803232
          ],
          [
            -2.3908864,
            51.3803001
          ],
          [
            -2.3903232,
            51.3802409
          ]
        ]
      },
      "id": "way/176464648"
    },
    {
      "type": "Feature",
      "properties": {
        "@id": "way/176464654",
        "bridge": "yes",
        "electrified": "no",
        "gauge": "1435",
        "layer": "1",
        "maxspeed": "90 mph",
        "name": "Great Western Main Line",
        "operator": "Network Rail",
        "operator:wikidata": "Q1501071",
        "passenger_lines": "2",
        "railway": "rail",
        "railway:atp": "yes",
        "railway:aws": "yes",
        "railway:tpws": "yes",
        "ref": "MLN1",
        "ref:lor": "GW105",
        "source": "gpx",
        "usage": "main"
      },
      "geometry": {
        "type": "LineString",
        "coordinates": [
          [
            -2.387882,
            51.3799966
          ],
          [
            -2.3877379,
            51.3799819
          ]
        ]
      },
      "id": "way/176464654"
    },
    {
      "type": "Feature",
      "properties": {
        "@id": "way/176464660",
        "electrified": "no",
        "embankment": "yes",
        "gauge": "1435",
        "maxspeed": "90 mph",
        "name": "Great Western Main Line",
        "operator": "Network Rail",
        "operator:wikidata": "Q1501071",
        "passenger_lines": "2",
        "railway": "rail",
        "railway:atp": "yes",
        "railway:aws": "yes",
        "railway:tpws": "yes",
        "ref": "MLN1",
        "ref:lor": "GW105",
        "source": "gpx",
        "usage": "main"
      },
      "geometry": {
        "type": "LineString",
        "coordinates": [
          [
            -2.3686287,
            51.3780654
          ],
          [
            -2.3671439,
            51.3779124
          ],
          [
            -2.3663735,
            51.3778332
          ],
          [
            -2.3651806,
            51.3777157
          ]
        ]
      },
      "id": "way/176464660"
    },
    {
      "type": "Feature",
      "properties": {
        "@id": "way/176464665",
        "cutting": "yes",
        "electrified": "no",
        "gauge": "1435",
        "maxspeed": "90 mph",
        "name": "Great Western Main Line",
        "operator": "Network Rail",
        "operator:wikidata": "Q1501071",
        "passenger_lines": "2",
        "railway": "rail",
        "railway:atp": "yes",
        "railway:aws": "yes",
        "railway:tpws": "yes",
        "ref": "MLN1",
        "ref:lor": "GW105",
        "source": "gpx",
        "usage": "main"
      },
      "geometry": {
        "type": "LineString",
        "coordinates": [
          [
            -2.3850509,
            51.379716
          ],
          [
            -2.3801066,
            51.3792186
          ],
          [
            -2.3747194,
            51.3786766
          ]
        ]
      },
      "id": "way/176464665"
    },
    {
      "type": "Feature",
      "properties": {
        "@id": "way/176464670",
        "electrified": "no",
        "embankment": "yes",
        "gauge": "1435",
        "maxspeed": "90 mph",
        "name": "Great Western Main Line",
        "operator": "Network Rail",
        "operator:wikidata": "Q1501071",
        "passenger_lines": "2",
        "railway": "rail",
        "railway:atp": "yes",
        "railway:aws": "yes",
        "railway:tpws": "yes",
        "ref": "MLN1",
        "ref:lor": "GW105",
        "source": "gpx",
        "usage": "main"
      },
      "geometry": {
        "type": "LineString",
        "coordinates": [
          [
            -2.3877379,
            51.3799819
          ],
          [
            -2.3863359,
            51.3798419
          ]
        ]
      },
      "id": "way/176464670"
    },
    {
      "type": "Feature",
      "properties": {
        "@id": "way/176464679",
        "electrified": "no",
        "gauge": "1435",
        "maxspeed": "90 mph",
        "name": "Great Western Main Line",
        "operator": "Network Rail",
        "operator:wikidata": "Q1501071",
        "passenger_lines": "2",
        "railway": "rail",
        "railway:atp": "yes",
        "railway:aws": "yes",
        "railway:tpws": "yes",
        "ref": "MLN1",
        "ref:lor": "GW105",
        "source": "gpx",
        "usage": "main"
      },
      "geometry": {
        "type": "LineString",
        "coordinates": [
          [
            -2.3747194,
            51.3786766
          ],
          [
            -2.3734359,
            51.3785486
          ],
          [
            -2.372325,
            51.3784379
          ],
          [
            -2.3702033,
            51.3782264
          ]
        ]
      },
      "id": "way/176464679"
    },
    {
      "type": "Feature",
      "properties": {
        "@id": "way/176464687",
        "electrified": "no",
        "embankment": "yes",
        "gauge": "1435",
        "maxspeed": "90 mph",
        "name": "Great Western Main Line",
        "operator": "Network Rail",
        "operator:wikidata": "Q1501071",
        "passenger_lines": "2",
        "railway": "rail",
        "railway:atp": "yes",
        "railway:aws": "yes",
        "railway:tpws": "yes",
        "ref": "MLN1",
        "ref:lor": "GW105",
        "source": "gpx",
        "usage": "main"
      },
      "geometry": {
        "type": "LineString",
        "coordinates": [
          [
            -2.3702033,
            51.3782264
          ],
          [
            -2.3687887,
            51.3780815
          ]
        ]
      },
      "id": "way/176464687"
    },
    {
      "type": "Feature",
      "properties": {
        "@id": "way/176464690",
        "electrified": "no",
        "gauge": "1435",
        "maxspeed": "25 mph",
        "name": "Great Western Main Line",
        "operator": "Network Rail",
        "operator:wikidata": "Q1501071",
        "railway": "rail",
        "railway:aws": "yes",
        "railway:tpws": "yes",
        "railway:track_ref": "Down Bath Goods Loop",
        "railway:traffic_mode": "freight",
        "ref": "MLN1",
        "ref:lor": "GW105",
        "source": "Bing;Professional Knowledge",
        "usage": "main"
      },
      "geometry": {
        "type": "LineString",
        "coordinates": [
          [
            -2.3702282,
            51.3781483
          ],
          [
            -2.3734229,
            51.3784712
          ],
          [
            -2.3747345,
            51.3786038
          ]
        ]
      },
      "id": "way/176464690"
    },
    {
      "type": "Feature",
      "properties": {
        "@id": "way/178297276",
        "electrified": "no",
        "gauge": "1435",
        "maxspeed": "100 mph",
        "name": "Great Western Main Line",
        "operator": "Network Rail",
        "operator:wikidata": "Q1501071",
        "passenger_lines": "2",
        "railway": "rail",
        "railway:atp": "yes",
        "railway:aws": "yes",
        "railway:tpws": "yes",
        "ref": "MLN1",
        "ref:lor": "GW105",
        "source": "GPX+Landsat+1953 7th series",
        "usage": "main"
      },
      "geometry": {
        "type": "LineString",
        "coordinates": [
          [
            -2.4014,
            51.3832218
          ],
          [
            -2.4006682,
            51.382875
          ],
          [
            -2.3999781,
            51.3825771
          ],
          [
            -2.399559,
            51.3824071
          ],
          [
            -2.3987491,
            51.382087
          ]
        ]
      },
      "id": "way/178297276"
    },
    {
      "type": "Feature",
      "properties": {
        "@id": "way/180869463",
        "highway": "trunk",
        "lanes": "3",
        "lanes:backward": "2",
        "maxspeed": "30 mph",
        "name": "Lower Bristol Road",
        "ref": "A36",
        "sidewalk": "both",
        "surface": "asphalt"
      },
      "geometry": {
        "type": "LineString",
        "coordinates": [
          [
            -2.3747004,
            51.3812687
          ],
          [
            -2.374835,
            51.3812895
          ],
          [
            -2.3749669,
            51.3813056
          ]
        ]
      },
      "id": "way/180869463"
    },
    {
      "type": "Feature",
      "properties": {
        "@id": "way/188924487",
        "highway": "primary",
        "lanes": "2",
        "maxspeed": "20 mph",
        "name": "Broad Street",
        "oneway": "yes",
        "sidewalk": "both",
        "surface": "asphalt",
        "wikidata": "Q117225021"
      },
      "geometry": {
        "type": "LineString",
        "coordinates": [
          [
            -2.3603383,
            51.3843202
          ],
          [
            -2.3603834,
            51.3844445
          ],
          [
            -2.3604259,
            51.3845178
          ],
          [
            -2.3605292,
            51.3846963
          ],
          [
            -2.3605734,
            51.3847835
          ],
          [
            -2.360614,
            51.3848713
          ],
          [
            -2.3606931,
            51.385045
          ],
          [
            -2.3607658,
            51.3852063
          ]
        ]
      },
      "id": "way/188924487"
    },
    {
      "type": "Feature",
      "properties": {
        "@id": "way/198245314",
        "cycleway:both": "no",
        "highway": "primary",
        "lanes": "2",
        "lit": "yes",
        "maxspeed": "20 mph",
        "name": "Dorchester Street",
        "ref": "A3039",
        "sidewalk:both": "separate",
        "surface": "asphalt"
      },
      "geometry": {
        "type": "LineString",
        "coordinates": [
          [
            -2.35702,
            51.3779273
          ],
          [
            -2.3571977,
            51.3779152
          ],
          [
            -2.3573449,
            51.3779126
          ],
          [
            -2.3576076,
            51.3779248
          ],
          [
            -2.3579593,
            51.3779525
          ],
          [
            -2.3583763,
            51.3779729
          ]
        ]
      },
      "id": "way/198245314"
    },
    {
      "type": "Feature",
      "properties": {
        "@id": "way/203240967",
        "bus_bay": "both",
        "cycleway:both": "no",
        "highway": "primary",
        "lanes": "2",
        "lit": "yes",
        "maxspeed": "20 mph",
        "name": "Dorchester Street",
        "ref": "A3039",
        "sidewalk:both": "separate",
        "surface": "asphalt"
      },
      "geometry": {
        "type": "LineString",
        "coordinates": [
          [
            -2.3583763,
            51.3779729
          ],
          [
            -2.358541,
            51.377975
          ],
          [
            -2.3587578,
            51.3779863
          ]
        ]
      },
      "id": "way/203240967"
    },
    {
      "type": "Feature",
      "properties": {
        "@id": "way/207644855",
        "cycleway:both": "no",
        "highway": "primary",
        "lanes": "2",
        "maxspeed": "30 mph",
        "name": "Upper Bristol Road",
        "proposed:maxspeed": "20 mph",
        "ref": "A4",
        "sidewalk:left": "no",
        "sidewalk:right": "separate",
        "surface": "asphalt"
      },
      "geometry": {
        "type": "LineString",
        "coordinates": [
          [
            -2.3817202,
            51.384726
          ],
          [
            -2.3818106,
            51.3846947
          ],
          [
            -2.381905,
            51.3846626
          ],
          [
            -2.3820498,
            51.3846203
          ],
          [
            -2.3821284,
            51.3845956
          ],
          [
            -2.382181,
            51.3845799
          ],
          [
            -2.3823913,
            51.3845189
          ],
          [
            -2.3826264,
            51.3844585
          ],
          [
            -2.3828708,
            51.3844053
          ],
          [
            -2.3837528,
            51.3842098
          ],
          [
            -2.383876,
            51.3841871
          ],
          [
            -2.3840128,
            51.3841746
          ],
          [
            -2.3840781,
            51.3841753
          ],
          [
            -2.3841126,
            51.3841757
          ],
          [
            -2.3842268,
            51.3841844
          ],
          [
            -2.3843695,
            51.3842036
          ],
          [
            -2.3850379,
            51.3842976
          ],
          [
            -2.3851348,
            51.3843106
          ],
          [
            -2.3859466,
            51.384417
          ],
          [
            -2.3861672,
            51.3844477
          ],
          [
            -2.3861934,
            51.3844519
          ]
        ]
      },
      "id": "way/207644855"
    },
    {
      "type": "Feature",
      "properties": {
        "@id": "way/207873051",
        "boat": "yes",
        "name": "River Avon",
        "name:br": "Stêr Avon",
        "waterway": "river"
      },
      "geometry": {
        "type": "LineString",
        "coordinates": [
          [
            -2.3577842,
            51.3828547
          ],
          [
            -2.357508,
            51.3828325
          ],
          [
            -2.3571916,
            51.3827439
          ],
          [
            -2.3568974,
            51.3826435
          ]
        ]
      },
      "id": "way/207873051"
    },
    {
      "type": "Feature",
      "properties": {
        "@id": "way/211952863",
        "highway": "trunk",
        "lanes": "2",
        "maxspeed": "30 mph",
        "name": "Lower Bristol Road",
        "ref": "A36",
        "surface": "asphalt"
      },
      "geometry": {
        "type": "LineString",
        "coordinates": [
          [
            -2.3865517,
            51.3810899
          ],
          [
            -2.3874186,
            51.3807915
          ],
          [
            -2.3877743,
            51.3806725
          ],
          [
            -2.3878083,
            51.3806583
          ],
          [
            -2.3881957,
            51.3805271
          ],
          [
            -2.3885869,
            51.3804167
          ],
          [
            -2.3890287,
            51.3803267
          ],
          [
            -2.3890936,
            51.3803151
          ],
          [
            -2.3891901,
            51.3803076
          ],
          [
            -2.3893114,
            51.3803056
          ],
          [
            -2.3895641,
            51.3803172
          ],
          [
            -2.3900801,
            51.3803735
          ],
          [
            -2.3903296,
            51.3803959
          ]
        ]
      },
      "id": "way/211952863"
    },
    {
      "type": "Feature",
      "properties": {
        "@id": "way/222755765",
        "boat": "yes",
        "name": "River Avon",
        "name:br": "Stêr Avon",
        "waterway": "river"
      },
      "geometry": {
        "type": "LineString",
        "coordinates": [
          [
            -2.3430255,
            51.3922965
          ],
          [
            -2.3431181,
            51.3922177
          ],
          [
            -2.3432841,
            51.3921627
          ],
          [
            -2.3438098,
            51.392069
          ],
          [
            -2.3447754,
            51.3919217
          ],
          [
            -2.3462211,
            51.3916639
          ],
          [
            -2.3468595,
            51.3914313
          ],
          [
            -2.3477312,
            51.3911434
          ],
          [
            -2.3486807,
            51.3907668
          ],
          [
            -2.3489436,
            51.3907016
          ],
          [
            -2.3495149,
            51.3906547
          ],
          [
            -2.3502915,
            51.3906715
          ],
          [
            -2.3510374,
            51.390656
          ],
          [
            -2.3520706,
            51.3906042
          ],
          [
            -2.3524303,
            51.3905563
          ],
          [
            -2.3530767,
            51.3904609
          ],
          [
            -2.3539853,
            51.3902506
          ],
          [
            -2.3544386,
            51.3900954
          ],
          [
            -2.3549064,
            51.3898852
          ],
          [
            -2.3557791,
            51.3894651
          ],
          [
            -2.355995,
            51.3893062
          ],
          [
            -2.3564064,
            51.3888227
          ],
          [
            -2.3569395,
            51.3883068
          ],
          [
            -2.3575261,
            51.3876774
          ],
          [
            -2.357902,
            51.3871954
          ],
          [
            -2.3580227,
            51.3868037
          ],
          [
            -2.3583044,
            51.3856855
          ],
          [
            -2.3584417,
            51.3850783
          ],
          [
            -2.3585409,
            51.3845113
          ],
          [
            -2.3585377,
            51.3843112
          ],
          [
            -2.3584713,
            51.3839148
          ],
          [
            -2.3583872,
            51.3836275
          ],
          [
            -2.3582244,
            51.3833753
          ],
          [
            -2.3577842,
            51.3828547
          ]
        ]
      },
      "id": "way/222755765"
    },
    {
      "type": "Feature",
      "properties": {
        "@id": "way/258360102",
        "boat": "yes",
        "waterway": "river"
      },
      "geometry": {
        "type": "LineString",
        "coordinates": [
          [
            -2.3551616,
            51.3772151
          ],
          [
            -2.3553812,
            51.3772543
          ]
        ]
      },
      "id": "way/258360102"
    },
    {
      "type": "Feature",
      "properties": {
        "@id": "way/258364539",
        "boat": "yes",
        "name": "River Avon",
        "name:br": "Stêr Avon",
        "waterway": "river",
        "width": "20"
      },
      "geometry": {
        "type": "LineString",
        "coordinates": [
          [
            -2.3971892,
            51.3826041
          ],
          [
            -2.3979094,
            51.3826353
          ],
          [
            -2.3981102,
            51.3826294
          ]
        ]
      },
      "id": "way/258364539"
    },
    {
      "type": "Feature",
      "properties": {
        "@id": "way/309842640",
        "highway": "primary",
        "maxspeed": "30 mph",
        "name": "Monmouth Place",
        "oneway": "yes",
        "ref": "A367",
        "surface": "asphalt"
      },
      "geometry": {
        "type": "LineString",
        "coordinates": [
          [
            -2.3655901,
            51.3827369
          ],
          [
            -2.3657473,
            51.3827762
          ],
          [
            -2.3659269,
            51.3828212
          ],
          [
            -2.3662067,
            51.3828912
          ],
          [
            -2.3662667,
            51.3829062
          ],
          [
            -2.3668151,
            51.3830508
          ],
          [
            -2.3669316,
            51.3830851
          ],
          [
            -2.3670066,
            51.3831254
          ],
          [
            -2.3670343,
            51.3831884
          ],
          [
            -2.3670507,
            51.3832193
          ]
        ]
      },
      "id": "way/309842640"
    },
    {
      "type": "Feature",
      "properties": {
        "@id": "way/309853497",
        "electrified": "no",
        "embankment": "yes",
        "gauge": "1435",
        "maxspeed": "40 mph",
        "name": "Great Western Main Line",
        "operator": "Network Rail",
        "operator:wikidata": "Q1501071",
        "railway": "rail",
        "railway:aws": "yes",
        "railway:tpws": "yes",
        "ref": "MLN1",
        "ref:lor": "GW105",
        "service": "crossover",
        "source": "Bing"
      },
      "geometry": {
        "type": "LineString",
        "coordinates": [
          [
            -2.3679255,
            51.3779621
          ],
          [
            -2.3671439,
            51.3779124
          ]
        ]
      },
      "id": "way/309853497"
    },
    {
      "type": "Feature",
      "properties": {
        "@id": "way/309853498",
        "electrified": "no",
        "embankment": "yes",
        "gauge": "1435",
        "maxspeed": "40 mph",
        "name": "Great Western Main Line",
        "operator": "Network Rail",
        "operator:wikidata": "Q1501071",
        "railway": "rail",
        "railway:aws": "yes",
        "railway:tpws": "yes",
        "ref": "MLN1",
        "ref:lor": "GW105",
        "service": "crossover",
        "source": "Bing"
      },
      "geometry": {
        "type": "LineString",
        "coordinates": [
          [
            -2.3655486,
            51.3777201
          ],
          [
            -2.3663735,
            51.3778332
          ]
        ]
      },
      "id": "way/309853498"
    },
    {
      "type": "Feature",
      "properties": {
        "@id": "way/309855326",
        "bridge": "viaduct",
        "electrified": "no",
        "gauge": "1435",
        "layer": "2",
        "maxspeed": "40 mph",
        "name": "Great Western Main Line",
        "operator": "Network Rail",
        "operator:wikidata": "Q1501071",
        "passenger_lines": "2",
        "railway": "rail",
        "railway:atp": "yes",
        "railway:aws": "yes",
        "railway:tpws": "yes",
        "ref": "MLN1",
        "ref:lor": "GW105",
        "usage": "main"
      },
      "geometry": {
        "type": "LineString",
        "coordinates": [
          [
            -2.3545956,
            51.3784488
          ],
          [
            -2.354615,
            51.378439
          ],
          [
            -2.3550265,
            51.3782299
          ],
          [
            -2.3553716,
            51.3780579
          ],
          [
            -2.3555699,
            51.3779708
          ],
          [
            -2.3558311,
            51.3778599
          ],
          [
            -2.3561002,
            51.3777569
          ],
          [
            -2.3563089,
            51.3776863
          ],
          [
            -2.3565442,
            51.3776181
          ],
          [
            -2.3572603,
            51.377429
          ],
          [
            -2.3575409,
            51.3773658
          ],
          [
            -2.3577622,
            51.3773155
          ],
          [
            -2.3578582,
            51.3772974
          ],
          [
            -2.3579759,
            51.3772753
          ],
          [
            -2.3581643,
            51.3772492
          ],
          [
            -2.3584717,
            51.3772118
          ],
          [
            -2.3586973,
            51.3771869
          ],
          [
            -2.3588452,
            51.3771763
          ],
          [
            -2.3590419,
            51.3771641
          ]
        ]
      },
      "id": "way/309855326"
    },
    {
      "type": "Feature",
      "properties": {
        "@id": "way/331545472",
        "hgv": "destination",
        "highway": "primary",
        "lanes": "2",
        "maxspeed": "20 mph",
        "maxweight": "7.5",
        "maxweight:conditional": "none @ delivery",
        "name": "Queen Square",
        "oneway": "yes",
        "ref": "A4",
        "sidewalk": "left",
        "surface": "asphalt"
      },
      "geometry": {
        "type": "LineString",
        "coordinates": [
          [
            -2.3644175,
            51.3836282
          ],
          [
            -2.3643014,
            51.3836577
          ],
          [
            -2.364201,
            51.383676
          ],
          [
            -2.3641081,
            51.3836883
          ]
        ]
      },
      "id": "way/331545472"
    },
    {
      "type": "Feature",
      "properties": {
        "@id": "way/373843895",
        "highway": "residential",
        "maxspeed": "20 mph",
        "name": "Great Pulteney Street",
        "oneway": "yes",
        "smoothness": "excellent",
        "surface": "asphalt"
      },
      "geometry": {
        "type": "LineString",
        "coordinates": [
          [
            -2.3521667,
            51.3852626
          ],
          [
            -2.3519107,
            51.3854155
          ],
          [
            -2.3518712,
            51.3854527
          ],
          [
            -2.3518383,
            51.3854833
          ],
          [
            -2.3517801,
            51.3855816
          ]
        ]
      },
      "id": "way/373843895"
    },
    {
      "type": "Feature",
      "properties": {
        "@id": "way/414017617",
        "highway": "residential",
        "lit": "yes",
        "maxspeed": "20 mph",
        "name": "Great Pulteney Street",
        "oneway": "yes",
        "sidewalk": "separate",
        "surface": "asphalt"
      },
      "geometry": {
        "type": "LineString",
        "coordinates": [
          [
            -2.3553192,
            51.3840369
          ],
          [
            -2.3557925,
            51.3838201
          ],
          [
            -2.3561889,
            51.3836385
          ]
        ]
      },
      "id": "way/414017617"
    },
    {
      "type": "Feature",
      "properties": {
        "@id": "way/431533360",
        "highway": "primary",
        "lanes": "1",
        "lit": "yes",
        "maxspeed": "20 mph",
        "motor_vehicle:conditional": "no @ (10:00-18:00)",
        "name": "High Street",
        "oneway": "yes",
        "psv": "yes",
        "sidewalk": "both",
        "source:width": "ARCore",
        "surface": "asphalt",
        "taxi": "yes",
        "width": "4.5",
        "wikidata": "Q116961451"
      },
      "geometry": {
        "type": "LineString",
        "coordinates": [
          [
            -2.3592507,
            51.3826548
          ],
          [
            -2.3592555,
            51.3826876
          ],
          [
            -2.3592655,
            51.3827417
          ],
          [
            -2.3592716,
            51.3827751
          ]
        ]
      },
      "id": "way/431533360"
    },
    {
      "type": "Feature",
      "properties": {
        "@id": "way/431533372",
        "cycleway:left": "no",
        "highway": "primary",
        "lanes": "1",
        "lit": "yes",
        "maxspeed": "20 mph",
        "motor_vehicle:conditional": "no @ (10:00-18:00)",
        "name": "Walcot Street",
        "oneway": "yes",
        "psv": "yes",
        "sidewalk": "left",
        "surface": "asphalt",
        "taxi": "yes"
      },
      "geometry": {
        "type": "LineString",
        "coordinates": [
          [
            -2.359539,
            51.3835032
          ],
          [
            -2.3595056,
            51.3833902
          ],
          [
            -2.3594947,
            51.3833566
          ],
          [
            -2.359464,
            51.3832323
          ]
        ]
      },
      "id": "way/431533372"
    },
    {
      "type": "Feature",
      "properties": {
        "@id": "way/444272568",
        "highway": "primary",
        "maxspeed": "20 mph",
        "maxweight": "7.5",
        "maxweight:conditional": "none @ delivery",
        "name": "Upper Bristol Road",
        "ref": "A4",
        "surface": "asphalt"
      },
      "geometry": {
        "type": "LineString",
        "coordinates": [
          [
            -2.3787129,
            51.3855411
          ],
          [
            -2.3789958,
            51.3855218
          ],
          [
            -2.3791614,
            51.3855051
          ],
          [
            -2.3793502,
            51.3854759
          ],
          [
            -2.3796048,
            51.3854293
          ],
          [
            -2.3798149,
            51.3853832
          ],
          [
            -2.3800256,
            51.3853238
          ],
          [
            -2.3804286,
            51.3851852
          ],
          [
            -2.3808369,
            51.3850477
          ],
          [
            -2.3811528,
            51.3849313
          ]
        ]
      },
      "id": "way/444272568"
    },
    {
      "type": "Feature",
      "properties": {
        "@id": "way/444272569",
        "cycleway:both": "lane",
        "cycleway:both:lane": "exclusive",
        "highway": "primary",
        "lanes": "2",
        "maxspeed": "20 mph",
        "maxweight": "7.5",
        "maxweight:conditional": "none @ delivery",
        "name": "Upper Bristol Road",
        "ref": "A4",
        "sidewalk": "both",
        "surface": "asphalt"
      },
      "geometry": {
        "type": "LineString",
        "coordinates": [
          [
            -2.3717626,
            51.3840889
          ],
          [
            -2.3718257,
            51.3841073
          ],
          [
            -2.37201,
            51.3841493
          ],
          [
            -2.3723169,
            51.3842058
          ],
          [
            -2.3726088,
            51.3842543
          ],
          [
            -2.3728034,
            51.3842887
          ],
          [
            -2.3729307,
            51.3843175
          ],
          [
            -2.3730756,
            51.3843547
          ],
          [
            -2.3732015,
            51.3843893
          ]
        ]
      },
      "id": "way/444272569"
    },
    {
      "type": "Feature",
      "properties": {
        "@id": "way/499857094",
        "highway": "primary",
        "lanes": "1",
        "maxweight": "7.5",
        "maxweight:conditional": "none @ delivery",
        "name": "Queen Square",
        "oneway": "yes",
        "sidewalk": "right",
        "surface": "asphalt"
      },
      "geometry": {
        "type": "LineString",
        "coordinates": [
          [
            -2.3642323,
            51.3835767
          ],
          [
            -2.3642162,
            51.3836061
          ],
          [
            -2.3642003,
            51.3836365
          ],
          [
            -2.3641708,
            51.3836611
          ],
          [
            -2.3641081,
            51.3836883
          ]
        ]
      },
      "id": "way/499857094"
    },
    {
      "type": "Feature",
      "properties": {
        "@id": "way/546225664",
        "highway": "trunk",
        "lanes": "2",
        "maxspeed": "60 mph",
        "maxspeed:type": "GB:nsl_single",
        "name": "Lower Bristol Road",
        "ref": "A36",
        "surface": "asphalt"
      },
      "geometry": {
        "type": "LineString",
        "coordinates": [
          [
            -2.3985435,
            51.3821506
          ],
          [
            -2.4017749,
            51.383853
          ],
          [
            -2.4023289,
            51.3841777
          ],
          [
            -2.4026291,
            51.3843953
          ],
          [
            -2.4034772,
            51.3850409
          ],
          [
            -2.4043947,
            51.3857628
          ]
        ]
      },
      "id": "way/546225664"
    },
    {
      "type": "Feature",
      "properties": {
        "@id": "way/546225665",
        "cycleway:left": "no",
        "highway": "tertiary",
        "lane_markings": "no",
        "maxheight": "11'6\"",
        "maxspeed": "20 mph",
        "name": "High Street",
        "oneway": "yes",
        "sidewalk": "both",
        "source:width": "ARCore",
        "surface": "asphalt",
        "width": "3.7"
      },
      "geometry": {
        "type": "LineString",
        "coordinates": [
          [
            -2.3904916,
            51.3802984
          ],
          [
            -2.3906245,
            51.3802397
          ],
          [
            -2.3907071,
            51.380208
          ]
        ]
      },
      "id": "way/546225665"
    },
    {
      "type": "Feature",
      "properties": {
        "@id": "way/546225666",
        "cycleway:left": "no",
        "highway": "tertiary",
        "lane_markings": "no",
        "maxspeed": "20 mph",
        "name": "High Street",
        "oneway": "yes",
        "sidewalk": "both",
        "source:width": "ARCore",
        "surface": "asphalt",
        "width": "5.8"
      },
      "geometry": {
        "type": "LineString",
        "coordinates": [
          [
            -2.3903296,
            51.3803959
          ],
          [
            -2.3904255,
            51.3803382
          ],
          [
            -2.3904916,
            51.3802984
          ]
        ]
      },
      "id": "way/546225666"
    },
    {
      "type": "Feature",
      "properties": {
        "@id": "way/591670120",
        "cycleway:left": "no",
        "highway": "unclassified",
        "lane_markings": "no",
        "lit": "yes",
        "name": "Queen Street",
        "oneway": "yes",
        "sidewalk": "both",
        "surface": "concrete:plates"
      },
      "geometry": {
        "type": "LineString",
        "coordinates": [
          [
            -2.3618973,
            51.3826496
          ],
          [
            -2.3618814,
            51.3826107
          ]
        ]
      },
      "id": "way/591670120"
    },
    {
      "type": "Feature",
      "properties": {
        "@id": "way/591670121",
        "highway": "unclassified",
        "lane_markings": "no",
        "lit": "yes",
        "maxheight:signed": "no",
        "name": "Queen Street",
        "oneway": "yes",
        "sidewalk": "left",
        "surface": "sett",
        "tunnel": "building_passage"
      },
      "geometry": {
        "type": "LineString",
        "coordinates": [
          [
            -2.3619119,
            51.3826826
          ],
          [
            -2.3618973,
            51.3826496
          ]
        ]
      },
      "id": "way/591670121"
    },
    {
      "type": "Feature",
      "properties": {
        "@id": "way/592193932",
        "highway": "primary",
        "maxspeed": "20 mph",
        "name": "Chapel Row",
        "oneway": "yes",
        "ref": "A367"
      },
      "geometry": {
        "type": "LineString",
        "coordinates": [
          [
            -2.3641383,
            51.3829261
          ],
          [
            -2.3641064,
            51.382955
          ],
          [
            -2.3640635,
            51.3829907
          ],
          [
            -2.3640517,
            51.3830109
          ],
          [
            -2.364043,
            51.3830257
          ],
          [
            -2.3640381,
            51.383086
          ]
        ]
      },
      "id": "way/592193932"
    },
    {
      "type": "Feature",
      "properties": {
        "@id": "way/592193933",
        "highway": "primary",
        "maxspeed": "20 mph",
        "name": "Chapel Row",
        "oneway": "yes",
        "ref": "A367",
        "surface": "asphalt"
      },
      "geometry": {
        "type": "LineString",
        "coordinates": [
          [
            -2.3638003,
            51.3830216
          ],
          [
            -2.3639032,
            51.3829915
          ],
          [
            -2.3639796,
            51.3829702
          ],
          [
            -2.3641383,
            51.3829261
          ]
        ]
      },
      "id": "way/592193933"
    },
    {
      "type": "Feature",
      "properties": {
        "@id": "way/592488402",
        "highway": "primary",
        "lanes": "1",
        "maxspeed": "20 mph",
        "maxweight": "7.5",
        "maxweight:conditional": "none @ delivery",
        "name": "Monmouth Place",
        "oneway": "yes",
        "ref": "A4",
        "surface": "asphalt"
      },
      "geometry": {
        "type": "LineString",
        "coordinates": [
          [
            -2.3674255,
            51.3832746
          ],
          [
            -2.3672446,
            51.3832619
          ],
          [
            -2.3671377,
            51.3832469
          ],
          [
            -2.3670507,
            51.3832193
          ]
        ]
      },
      "id": "way/592488402"
    },
    {
      "type": "Feature",
      "properties": {
        "@id": "way/678686048",
        "highway": "pedestrian",
        "lit": "yes",
        "name": "Stall Street",
        "surface": "paving_stones",
        "wikidata": "Q7597297"
      },
      "geometry": {
        "type": "LineString",
        "coordinates": [
          [
            -2.3603497,
            51.3812389
          ],
          [
            -2.3604098,
            51.3814083
          ],
          [
            -2.3604431,
            51.3814993
          ]
        ]
      },
      "id": "way/678686048"
    },
    {
      "type": "Feature",
      "properties": {
        "@id": "way/720222846",
        "cycleway:both": "no",
        "highway": "primary",
        "lanes": "2",
        "maxspeed": "30 mph",
        "name": "Wells Road",
        "ref": "A367",
        "surface": "asphalt"
      },
      "geometry": {
        "type": "LineString",
        "coordinates": [
          [
            -2.3684291,
            51.376101
          ],
          [
            -2.3686198,
            51.3755186
          ],
          [
            -2.3687605,
            51.3748731
          ],
          [
            -2.3687675,
            51.3747613
          ],
          [
            -2.3687609,
            51.3747007
          ]
        ]
      },
      "id": "way/720222846"
    },
    {
      "type": "Feature",
      "properties": {
        "@id": "way/720222847",
        "highway": "primary",
        "lanes": "3",
        "lanes:backward": "1",
        "lanes:forward": "2",
        "maxspeed": "30 mph",
        "name": "Wells Road",
        "ref": "A367",
        "surface": "asphalt",
        "turn:lanes:forward": "through|right"
      },
      "geometry": {
        "type": "LineString",
        "coordinates": [
          [
            -2.3683009,
            51.3763734
          ],
          [
            -2.3684291,
            51.376101
          ]
        ]
      },
      "id": "way/720222847"
    },
    {
      "type": "Feature",
      "properties": {
        "@id": "way/773250139",
        "highway": "primary",
        "lanes": "1",
        "maxspeed": "20 mph",
        "maxweight": "7.5",
        "maxweight:conditional": "none @ delivery",
        "name": "Queen Square",
        "oneway": "yes",
        "ref": "A4",
        "sidewalk": "left",
        "surface": "asphalt"
      },
      "geometry": {
        "type": "LineString",
        "coordinates": [
          [
            -2.3642323,
            51.3835767
          ],
          [
            -2.3642766,
            51.3836094
          ],
          [
            -2.3643456,
            51.3836281
          ],
          [
            -2.3644175,
            51.3836282
          ]
        ]
      },
      "id": "way/773250139"
    },
    {
      "type": "Feature",
      "properties": {
        "@id": "way/815885856",
        "destination": "Bristol;Newbridge;R.U.H.;Weston",
        "destination:symbol": "hospital",
        "highway": "primary",
        "lanes": "1",
        "maxspeed": "20 mph",
        "maxweight": "7.5",
        "maxweight:conditional": "none @ delivery",
        "name": "Monmouth Place",
        "oneway": "yes",
        "ref": "A4",
        "surface": "asphalt"
      },
      "geometry": {
        "type": "LineString",
        "coordinates": [
          [
            -2.3670507,
            51.3832193
          ],
          [
            -2.3671445,
            51.3832005
          ],
          [
            -2.3672665,
            51.3832193
          ],
          [
            -2.3674255,
            51.3832746
          ]
        ]
      },
      "id": "way/815885856"
    },
    {
      "type": "Feature",
      "properties": {
        "@id": "way/837573373",
        "cycleway:both": "lane",
        "cycleway:both:lane": "advisory",
        "highway": "primary",
        "lanes": "2",
        "lit": "yes",
        "maxspeed": "20 mph",
        "maxweight": "7.5",
        "maxweight:conditional": "none @ delivery",
        "name": "Upper Bristol Road",
        "ref": "A4",
        "sidewalk": "both",
        "surface": "asphalt"
      },
      "geometry": {
        "type": "LineString",
        "coordinates": [
          [
            -2.3732015,
            51.3843893
          ],
          [
            -2.3734957,
            51.3844877
          ],
          [
            -2.3735717,
            51.3845123
          ],
          [
            -2.3740043,
            51.384664
          ],
          [
            -2.3742674,
            51.3847613
          ],
          [
            -2.3746014,
            51.3848947
          ],
          [
            -2.3749276,
            51.385025
          ],
          [
            -2.3751277,
            51.3850917
          ],
          [
            -2.3753209,
            51.3851497
          ],
          [
            -2.3755015,
            51.3851946
          ],
          [
            -2.3756419,
            51.3852217
          ],
          [
            -2.3759397,
            51.3852664
          ],
          [
            -2.3764023,
            51.3853348
          ]
        ]
      },
      "id": "way/837573373"
    },
    {
      "type": "Feature",
      "properties": {
        "@id": "way/861170656",
        "admin_level": "10",
        "boat": "no",
        "boundary": "administrative",
        "name": "River Avon",
        "name:br": "Stêr Avon",
        "source": "OS_OpenData_Boundary-Line",
        "waterway": "river"
      },
      "geometry": {
        "type": "LineString",
        "coordinates": [
          [
            -2.3258461,
            51.4012348
          ],
          [
            -2.3262491,
            51.4008352
          ],
          [
            -2.3266014,
            51.4004611
          ],
          [
            -2.3266983,
            51.4003412
          ],
          [
            -2.327067,
            51.3998421
          ],
          [
            -2.327234,
            51.3996662
          ],
          [
            -2.3273225,
            51.399586
          ],
          [
            -2.3274512,
            51.3994894
          ],
          [
            -2.3276388,
            51.3993846
          ],
          [
            -2.3277262,
            51.3993439
          ],
          [
            -2.3278495,
            51.3992968
          ],
          [
            -2.3288065,
            51.399063
          ],
          [
            -2.3294684,
            51.3989389
          ],
          [
            -2.3300309,
            51.3988078
          ],
          [
            -2.3303122,
            51.3987503
          ],
          [
            -2.3309008,
            51.3986381
          ],
          [
            -2.3310959,
            51.3985962
          ],
          [
            -2.3314848,
            51.3984971
          ],
          [
            -2.3316769,
            51.398439
          ],
          [
            -2.3318547,
            51.3983773
          ],
          [
            -2.3320081,
            51.3983176
          ],
          [
            -2.3330083,
            51.3978742
          ],
          [
            -2.3336854,
            51.3975117
          ],
          [
            -2.3337815,
            51.3974664
          ],
          [
            -2.3341383,
            51.3973135
          ],
          [
            -2.3345095,
            51.3971766
          ],
          [
            -2.3346171,
            51.3971403
          ],
          [
            -2.3348853,
            51.3970622
          ],
          [
            -2.3350474,
            51.3970231
          ],
          [
            -2.3353618,
            51.3969611
          ],
          [
            -2.3359231,
            51.3968659
          ],
          [
            -2.3360121,
            51.3968504
          ],
          [
            -2.3361026,
            51.3968375
          ],
          [
            -2.3364214,
            51.3968159
          ],
          [
            -2.3366153,
            51.3967803
          ],
          [
            -2.3368118,
            51.396733
          ],
          [
            -2.3370025,
            51.3966758
          ],
          [
            -2.3371718,
            51.3966115
          ],
          [
            -2.3373079,
            51.3965517
          ],
          [
            -2.3373967,
            51.3965056
          ],
          [
            -2.3376284,
            51.3963575
          ],
          [
            -2.337727,
            51.3962817
          ],
          [
            -2.3378328,
            51.3961995
          ],
          [
            -2.3379855,
            51.3960562
          ],
          [
            -2.3383021,
            51.3957226
          ],
          [
            -2.338483,
            51.3955044
          ],
          [
            -2.3386068,
            51.3953153
          ],
          [
            -2.3386981,
            51.3951473
          ],
          [
            -2.3387782,
            51.3949866
          ],
          [
            -2.3388588,
            51.3948029
          ],
          [
            -2.3389001,
            51.3946879
          ],
          [
            -2.3389335,
            51.3946066
          ],
          [
            -2.3390624,
            51.3943519
          ],
          [
            -2.3390966,
            51.3943085
          ],
          [
            -2.3392136,
            51.3941841
          ],
          [
            -2.3393736,
            51.3940623
          ],
          [
            -2.3394494,
            51.3940135
          ],
          [
            -2.3395396,
            51.3939638
          ],
          [
            -2.3396871,
            51.3938932
          ],
          [
            -2.339872,
            51.3938181
          ],
          [
            -2.3401057,
            51.3937437
          ],
          [
            -2.3402548,
            51.3937018
          ],
          [
            -2.3403581,
            51.3936782
          ],
          [
            -2.340483,
            51.3936589
          ],
          [
            -2.3406353,
            51.3936486
          ],
          [
            -2.3408769,
            51.393656
          ],
          [
            -2.3415401,
            51.3937413
          ],
          [
            -2.3417687,
            51.3937577
          ],
          [
            -2.3419211,
            51.3937609
          ],
          [
            -2.3420332,
            51.393757
          ],
          [
            -2.3421079,
            51.3937442
          ],
          [
            -2.3421968,
            51.393716
          ],
          [
            -2.342277,
            51.3936797
          ],
          [
            -2.3423599,
            51.3936319
          ],
          [
            -2.3424586,
            51.3935651
          ],
          [
            -2.3425358,
            51.3935019
          ],
          [
            -2.3425871,
            51.3934469
          ],
          [
            -2.3426695,
            51.3933279
          ],
          [
            -2.3428252,
            51.3930056
          ],
          [
            -2.3429466,
            51.3927139
          ],
          [
            -2.3429945,
            51.3925753
          ],
          [
            -2.3430351,
            51.3924394
          ],
          [
            -2.3430255,
            51.3922965
          ]
        ]
      },
      "id": "way/861170656"
    },
    {
      "type": "Feature",
      "properties": {
        "@id": "way/899645883",
        "highway": "primary",
        "lane_markings": "no",
        "maxspeed": "20 mph",
        "name": "Walcot Street",
        "old_name": "Cornwell Street",
        "oneway": "no",
        "ref": "A3039",
        "surface": "asphalt",
        "wikidata": "Q117217910"
      },
      "geometry": {
        "type": "LineString",
        "coordinates": [
          [
            -2.3590573,
            51.3886323
          ],
          [
            -2.3590798,
            51.3885304
          ],
          [
            -2.359113,
            51.3883799
          ],
          [
            -2.359131,
            51.3882826
          ],
          [
            -2.3591522,
            51.3881918
          ],
          [
            -2.3591642,
            51.3881002
          ],
          [
            -2.3591671,
            51.3879106
          ],
          [
            -2.359172,
            51.3878024
          ],
          [
            -2.3591762,
            51.3877089
          ],
          [
            -2.3592234,
            51.3874486
          ],
          [
            -2.3592468,
            51.3873422
          ],
          [
            -2.3592923,
            51.3871948
          ],
          [
            -2.3593196,
            51.387047
          ]
        ]
      },
      "id": "way/899645883"
    },
    {
      "type": "Feature",
      "properties": {
        "@id": "way/899656225",
        "highway": "primary",
        "lane_markings": "no",
        "maxspeed": "20 mph",
        "name": "Walcot Street",
        "oneway": "no",
        "ref": "A3039",
        "surface": "asphalt",
        "wikidata": "Q117217910"
      },
      "geometry": {
        "type": "LineString",
        "coordinates": [
          [
            -2.3596481,
            51.3853852
          ],
          [
            -2.3596262,
            51.3853181
          ],
          [
            -2.3596056,
            51.3851874
          ],
          [
            -2.3595786,
            51.3848278
          ],
          [
            -2.3595771,
            51.3848064
          ],
          [
            -2.3595535,
            51.3846602
          ]
        ]
      },
      "id": "way/899656225"
    },
    {
      "type": "Feature",
      "properties": {
        "@id": "way/1005523914",
        "highway": "footway",
        "lit": "yes",
        "name": "Royal Crescent",
        "surface": "sett",
        "tourism": "attraction",
        "wikidata": "Q2289728",
        "wikipedia": "en:Royal Crescent"
      },
      "geometry": {
        "type": "LineString",
        "coordinates": [
          [
            -2.3700621,
            51.3869954
          ],
          [
            -2.3699984,
            51.3869863
          ],
          [
            -2.3699833,
            51.3869838
          ]
        ]
      },
      "id": "way/1005523914"
    },
    {
      "type": "Feature",
      "properties": {
        "@id": "way/1025513686",
        "cycleway:left": "no",
        "highway": "primary",
        "lane_markings": "no",
        "lanes": "2",
        "lit": "yes",
        "maxspeed": "20 mph",
        "name": "Broad Street",
        "oneway": "yes",
        "sidewalk": "both",
        "surface": "asphalt",
        "wikidata": "Q117225021"
      },
      "geometry": {
        "type": "LineString",
        "coordinates": [
          [
            -2.3598095,
            51.3834553
          ],
          [
            -2.3598261,
            51.3834646
          ],
          [
            -2.3599316,
            51.3835264
          ],
          [
            -2.3600445,
            51.3836231
          ],
          [
            -2.3600951,
            51.3837111
          ],
          [
            -2.360157,
            51.3838174
          ],
          [
            -2.3602026,
            51.3839109
          ],
          [
            -2.3602927,
            51.3841784
          ],
          [
            -2.3603228,
            51.3842729
          ]
        ]
      },
      "id": "way/1025513686"
    },
    {
      "type": "Feature",
      "properties": {
        "@id": "way/1040747475",
        "highway": "unclassified",
        "lane_markings": "yes",
        "lanes": "2",
        "maxspeed": "20 mph",
        "motor_vehicle:conditional": "motor_vehicle:conditional",
        "name": "New Bond Street",
        "oneway": "yes",
        "surface": "asphalt",
        "turn:lanes": "left|right",
        "wikidata": "Q117303636"
      },
      "geometry": {
        "type": "LineString",
        "coordinates": [
          [
            -2.3600927,
            51.383073
          ],
          [
            -2.3599161,
            51.3830838
          ]
        ]
      },
      "id": "way/1040747475"
    },
    {
      "type": "Feature",
      "properties": {
        "@id": "way/1044734210",
        "cycleway:left": "no",
        "highway": "primary",
        "lanes": "2",
        "lit": "yes",
        "maxspeed": "20 mph",
        "name": "Broad Street",
        "oneway": "yes",
        "sidewalk": "both",
        "surface": "asphalt"
      },
      "geometry": {
        "type": "LineString",
        "coordinates": [
          [
            -2.3603228,
            51.3842729
          ],
          [
            -2.3603383,
            51.3843202
          ]
        ]
      },
      "id": "way/1044734210"
    },
    {
      "type": "Feature",
      "properties": {
        "@id": "way/1064543513",
        "highway": "primary",
        "maxspeed": "20 mph",
        "maxweight": "7.5",
        "maxweight:conditional": "none @ delivery",
        "name": "Queen Square",
        "oneway": "yes",
        "ref": "A4",
        "surface": "asphalt"
      },
      "geometry": {
        "type": "LineString",
        "coordinates": [
          [
            -2.3638003,
            51.3830216
          ],
          [
            -2.3639028,
            51.3830258
          ],
          [
            -2.3639591,
            51.3830377
          ],
          [
            -2.3640024,
            51.3830577
          ],
          [
            -2.3640381,
            51.383086
          ]
        ]
      },
      "id": "way/1064543513"
    },
    {
      "type": "Feature",
      "properties": {
        "@id": "way/1064543517",
        "cycleway:left": "no",
        "highway": "primary",
        "lanes": "2",
        "lit": "yes",
        "maxspeed": "20 mph",
        "maxweight": "7.5",
        "maxweight:conditional": "none @ delivery",
        "name": "Queen Square",
        "oneway": "yes",
        "ref": "A4",
        "sidewalk": "both",
        "surface": "asphalt"
      },
      "geometry": {
        "type": "LineString",
        "coordinates": [
          [
            -2.3640381,
            51.383086
          ],
          [
            -2.3641362,
            51.3833339
          ],
          [
            -2.3642323,
            51.3835767
          ]
        ]
      },
      "id": "way/1064543517"
    },
    {
      "type": "Feature",
      "properties": {
        "@id": "way/1092050784",
        "cycleway:left": "no",
        "highway": "primary",
        "lane_markings": "no",
        "lanes": "2",
        "lit": "yes",
        "maxspeed": "20 mph",
        "name": "Broad Street",
        "oneway": "yes",
        "sidewalk": "separate",
        "source:width": "ARCore",
        "surface": "asphalt",
        "width": "5.6"
      },
      "geometry": {
        "type": "LineString",
        "coordinates": [
          [
            -2.3595371,
            51.3832779
          ],
          [
            -2.3596341,
            51.3833439
          ],
          [
            -2.3598095,
            51.3834553
          ]
        ]
      },
      "id": "way/1092050784"
    },
    {
      "type": "Feature",
      "properties": {
        "@id": "way/1111626213",
        "cycleway:right": "lane",
        "highway": "tertiary",
        "maxspeed": "20 mph",
        "maxspeed:type": "sign",
        "name": "Weston Road"
      },
      "geometry": {
        "type": "LineString",
        "coordinates": [
          [
            -2.3764895,
            51.3889842
          ],
          [
            -2.3761029,
            51.3889582
          ],
          [
            -2.3732568,
            51.3887099
          ],
          [
            -2.3729609,
            51.3886667
          ],
          [
            -2.3717701,
            51.388424
          ]
        ]
      },
      "id": "way/1111626213"
    },
    {
      "type": "Feature",
      "properties": {
        "@id": "way/1111626214",
        "highway": "tertiary",
        "maxspeed": "20 mph",
        "maxspeed:type": "sign",
        "name": "Weston Road"
      },
      "geometry": {
        "type": "LineString",
        "coordinates": [
          [
            -2.3717701,
            51.388424
          ],
          [
            -2.3716074,
            51.3884002
          ],
          [
            -2.3715806,
            51.3883981
          ],
          [
            -2.3715038,
            51.3884005
          ],
          [
            -2.3713698,
            51.3883988
          ],
          [
            -2.3710383,
            51.388395
          ],
          [
            -2.3700273,
            51.3884261
          ],
          [
            -2.3698959,
            51.3884251
          ],
          [
            -2.3697719,
            51.3884176
          ],
          [
            -2.3696609,
            51.3884075
          ],
          [
            -2.3695818,
            51.3883903
          ],
          [
            -2.3694804,
            51.388368
          ]
        ]
      },
      "id": "way/1111626214"
    },
    {
      "type": "Feature",
      "properties": {
        "@id": "way/1117246768",
        "electrified": "no",
        "embankment": "yes",
        "gauge": "1435",
        "maxspeed": "25 mph",
        "name": "Great Western Main Line",
        "operator": "Network Rail",
        "operator:wikidata": "Q1501071",
        "railway": "rail",
        "railway:aws": "yes",
        "railway:tpws": "yes",
        "railway:track_ref": "Down Bath Goods Loop",
        "railway:traffic_mode": "freight",
        "ref": "MLN1",
        "ref:lor": "GW105",
        "source": "Bing;Professional Knowledge",
        "usage": "main"
      },
      "geometry": {
        "type": "LineString",
        "coordinates": [
          [
            -2.3690298,
            51.3780796
          ],
          [
            -2.3696163,
            51.3780974
          ],
          [
            -2.3698402,
            51.3781159
          ],
          [
            -2.3702282,
            51.3781483
          ]
        ]
      },
      "id": "way/1117246768"
    },
    {
      "type": "Feature",
      "properties": {
        "@id": "way/1117246770",
        "cutting": "yes",
        "electrified": "no",
        "gauge": "1435",
        "maxspeed": "25 mph",
        "name": "Great Western Main Line",
        "operator": "Network Rail",
        "operator:wikidata": "Q1501071",
        "railway": "rail",
        "railway:aws": "yes",
        "railway:tpws": "yes",
        "railway:track_ref": "Down Bath Goods Loop",
        "railway:traffic_mode": "freight",
        "ref": "MLN1",
        "ref:lor": "GW105",
        "source": "Bing;Professional Knowledge",
        "usage": "main"
      },
      "geometry": {
        "type": "LineString",
        "coordinates": [
          [
            -2.3747345,
            51.3786038
          ],
          [
            -2.3783089,
            51.378972
          ],
          [
            -2.3784161,
            51.378987
          ],
          [
            -2.3789676,
            51.3790687
          ]
        ]
      },
      "id": "way/1117246770"
    },
    {
      "type": "Feature",
      "properties": {
        "@id": "way/1120385897",
        "highway": "primary",
        "maxspeed": "30 mph",
        "maxweight": "7.5",
        "maxweight:conditional": "none @ delivery",
        "name": "Upper Bristol Road",
        "proposed:maxspeed": "20 mph",
        "ref": "A4",
        "sidewalk": "both",
        "surface": "asphalt"
      },
      "geometry": {
        "type": "LineString",
        "coordinates": [
          [
            -2.3811528,
            51.3849313
          ],
          [
            -2.3813039,
            51.3848797
          ],
          [
            -2.38162,
            51.3847598
          ]
        ]
      },
      "id": "way/1120385897"
    },
    {
      "type": "Feature",
      "properties": {
        "@id": "way/1172740233",
        "highway": "trunk",
        "lanes": "3",
        "lanes:forward": "2",
        "maxspeed": "30 mph",
        "name": "Lower Bristol Road",
        "ref": "A36",
        "sidewalk": "separate",
        "surface": "asphalt"
      },
      "geometry": {
        "type": "LineString",
        "coordinates": [
          [
            -2.3742154,
            51.381181
          ],
          [
            -2.3742677,
            51.3811944
          ]
        ]
      },
      "id": "way/1172740233"
    },
    {
      "type": "Feature",
      "properties": {
        "@id": "way/1172740234",
        "highway": "trunk",
        "lanes": "3",
        "lanes:forward": "2",
        "maxspeed": "30 mph",
        "name": "Lower Bristol Road",
        "ref": "A36",
        "sidewalk": "separate",
        "surface": "asphalt"
      },
      "geometry": {
        "type": "LineString",
        "coordinates": [
          [
            -2.3740552,
            51.3811133
          ],
          [
            -2.3742154,
            51.381181
          ]
        ]
      },
      "id": "way/1172740234"
    },
    {
      "type": "Feature",
      "properties": {
        "@id": "way/1205716889",
        "highway": "primary",
        "lanes": "2",
        "maxspeed": "20 mph",
        "maxweight": "7.5",
        "maxweight:conditional": "none @ delivery",
        "name": "George Street",
        "ref": "A4",
        "surface": "asphalt",
        "wikidata": "Q117189118"
      },
      "geometry": {
        "type": "LineString",
        "coordinates": [
          [
            -2.3615137,
            51.3849967
          ],
          [
            -2.361596,
            51.3849803
          ],
          [
            -2.361967,
            51.3849008
          ]
        ]
      },
      "id": "way/1205716889"
    },
    {
      "type": "Feature",
      "properties": {
        "@id": "way/1205716898",
        "highway": "primary",
        "lanes": "2",
        "maxspeed": "20 mph",
        "name": "High Street",
        "oneway": "yes",
        "sidewalk": "both",
        "surface": "asphalt",
        "turn:lanes": "|right",
        "wikidata": "Q116961451"
      },
      "geometry": {
        "type": "LineString",
        "coordinates": [
          [
            -2.3591688,
            51.3823522
          ],
          [
            -2.3591898,
            51.3825199
          ]
        ]
      },
      "id": "way/1205716898"
    },
    {
      "type": "Feature",
      "properties": {
        "@id": "way/1279782224",
        "highway": "primary",
        "lanes": "1",
        "maxspeed": "20 mph",
        "maxweight": "7.5",
        "maxweight:conditional": "none @ delivery",
        "name": "Queen Square",
        "oneway": "yes",
        "ref": "A4",
        "surface": "asphalt"
      },
      "geometry": {
        "type": "LineString",
        "coordinates": [
          [
            -2.362988,
            51.3831904
          ],
          [
            -2.3630028,
            51.383162
          ],
          [
            -2.3630432,
            51.383137
          ]
        ]
      },
      "id": "way/1279782224"
    },
    {
      "type": "Feature",
      "properties": {
        "@id": "way/1288401946",
        "hgv": "destination",
        "highway": "primary",
        "lanes": "2",
        "maxspeed": "20 mph",
        "maxweight": "7.5",
        "maxweight:conditional": "none @ delivery",
        "name": "Queen Square",
        "oneway": "yes",
        "ref": "A4",
        "sidewalk": "both",
        "surface": "asphalt",
        "turn:lanes": "left|through;right"
      },
      "geometry": {
        "type": "LineString",
        "coordinates": [
          [
            -2.3641081,
            51.3836883
          ],
          [
            -2.3631886,
            51.3838249
          ]
        ]
      },
      "id": "way/1288401946"
    },
    {
      "type": "Feature",
      "properties": {
        "@id": "way/1296737227",
        "highway": "pedestrian",
        "lit": "yes",
        "name": "Southgate Street",
        "surface": "paving_stones"
      },
      "geometry": {
        "type": "LineString",
        "coordinates": [
          [
            -2.3597362,
            51.3784291
          ],
          [
            -2.3597372,
            51.3785856
          ],
          [
            -2.3597347,
            51.3786444
          ],
          [
            -2.3597364,
            51.3794227
          ],
          [
            -2.3597436,
            51.3796253
          ],
          [
            -2.3597456,
            51.3796785
          ]
        ]
      },
      "id": "way/1296737227"
    },
    {
      "type": "Feature",
      "properties": {
        "@id": "way/1296738128",
        "highway": "pedestrian",
        "lit": "yes",
        "name": "Stall Street",
        "surface": "sett"
      },
      "geometry": {
        "type": "LineString",
        "coordinates": [
          [
            -2.3602903,
            51.3810784
          ],
          [
            -2.3602498,
            51.3808886
          ]
        ]
      },
      "id": "way/1296738128"
    },
    {
      "type": "Feature",
      "properties": {
        "@id": "way/1305612184",
        "highway": "primary",
        "lanes": "3",
        "maxspeed": "20 mph",
        "maxweight": "7.5",
        "maxweight:conditional": "none @ delivery",
        "name": "Upper Bristol Road",
        "ref": "A4",
        "surface": "asphalt"
      },
      "geometry": {
        "type": "LineString",
        "coordinates": [
          [
            -2.3767313,
            51.3853731
          ],
          [
            -2.3769356,
            51.3854011
          ],
          [
            -2.377413,
            51.3854691
          ]
        ]
      },
      "id": "way/1305612184"
    },
    {
      "type": "Feature",
      "properties": {
        "@id": "way/1305612325",
        "highway": "primary",
        "lanes": "3",
        "maxspeed": "20 mph",
        "maxweight": "7.5",
        "maxweight:conditional": "none @ delivery",
        "name": "Upper Bristol Road",
        "ref": "A4",
        "surface": "asphalt"
      },
      "geometry": {
        "type": "LineString",
        "coordinates": [
          [
            -2.377413,
            51.3854691
          ],
          [
            -2.3778307,
            51.3855256
          ]
        ]
      },
      "id": "way/1305612325"
    },
    {
      "type": "Feature",
      "properties": {
        "@id": "way/1305612326",
        "highway": "primary",
        "lanes": "3",
        "maxspeed": "20 mph",
        "maxweight": "7.5",
        "maxweight:conditional": "none @ delivery",
        "name": "Upper Bristol Road",
        "ref": "A4",
        "surface": "asphalt"
      },
      "geometry": {
        "type": "LineString",
        "coordinates": [
          [
            -2.3778307,
            51.3855256
          ],
          [
            -2.3780854,
            51.3855513
          ],
          [
            -2.3782992,
            51.385562
          ],
          [
            -2.37843,
            51.3855605
          ],
          [
            -2.3787129,
            51.3855411
          ]
        ]
      },
      "id": "way/1305612326"
    },
    {
      "type": "Feature",
      "properties": {
        "@id": "way/1305612327",
        "highway": "primary",
        "maxspeed": "20 mph",
        "maxweight": "7.5",
        "maxweight:conditional": "none @ delivery",
        "name": "Upper Bristol Road",
        "ref": "A4",
        "surface": "asphalt"
      },
      "geometry": {
        "type": "LineString",
        "coordinates": [
          [
            -2.3764023,
            51.3853348
          ],
          [
            -2.3765571,
            51.3853528
          ],
          [
            -2.3767313,
            51.3853731
          ]
        ]
      },
      "id": "way/1305612327"
    },
    {
      "type": "Feature",
      "properties": {
        "@id": "way/1305613786",
        "cycleway:both": "lane",
        "cycleway:both:lane": "exclusive",
        "highway": "primary",
        "lanes": "2",
        "maxspeed": "20 mph",
        "maxweight": "7.5",
        "maxweight:conditional": "none @ delivery",
        "name": "Monmouth Place",
        "ref": "A4",
        "surface": "asphalt"
      },
      "geometry": {
        "type": "LineString",
        "coordinates": [
          [
            -2.3674255,
            51.3832746
          ],
          [
            -2.3676822,
            51.3833384
          ],
          [
            -2.3679169,
            51.3833865
          ]
        ]
      },
      "id": "way/1305613786"
    },
    {
      "type": "Feature",
      "properties": {
        "@id": "way/1346282645",
        "highway": "tertiary",
        "lane_markings": "yes",
        "lanes": "2",
        "lit": "yes",
        "maxspeed": "20 mph",
        "maxspeed:type": "sign",
        "maxweight": "3.5",
        "maxweight:conditional": "none @ delivery",
        "name": "Lansdown Road",
        "oneway": "no",
        "surface": "asphalt",
        "wikidata": "Q117049204"
      },
      "geometry": {
        "type": "LineString",
        "coordinates": [
          [
            -2.3635872,
            51.3924473
          ],
          [
            -2.363664,
            51.3923758
          ],
          [
            -2.3637409,
            51.3922779
          ]
        ]
      },
      "id": "way/1346282645"
    },
    {
      "type": "Feature",
      "properties": {
        "@id": "way/1346459765",
        "highway": "trunk",
        "lanes": "2",
        "maxspeed": "30 mph",
        "name": "Lower Bristol Road",
        "ref": "A36",
        "sidewalk": "separate",
        "surface": "asphalt"
      },
      "geometry": {
        "type": "LineString",
        "coordinates": [
          [
            -2.3684435,
            51.3789087
          ],
          [
            -2.368178,
            51.3788139
          ]
        ]
      },
      "id": "way/1346459765"
    },
    {
      "type": "Feature",
      "properties": {
        "@id": "way/1346459766",
        "highway": "trunk",
        "lanes": "2",
        "lit": "yes",
        "maxspeed": "30 mph",
        "name": "Lower Bristol Road",
        "ref": "A36",
        "sidewalk": "separate",
        "surface": "asphalt"
      },
      "geometry": {
        "type": "LineString",
        "coordinates": [
          [
            -2.368178,
            51.3788139
          ],
          [
            -2.3679189,
            51.3787354
          ],
          [
            -2.3676304,
            51.3786787
          ],
          [
            -2.3674495,
            51.3786523
          ],
          [
            -2.3672802,
            51.3786339
          ],
          [
            -2.3670874,
            51.3786182
          ],
          [
            -2.366447,
            51.378569
          ],
          [
            -2.3662437,
            51.3785514
          ],
          [
            -2.3659698,
            51.3785156
          ],
          [
            -2.3655318,
            51.3784475
          ],
          [
            -2.3652808,
            51.3784131
          ]
        ]
      },
      "id": "way/1346459766"
    },
    {
      "type": "Feature",
      "properties": {
        "@id": "way/1346459768",
        "highway": "trunk",
        "lanes": "2",
        "lit": "yes",
        "maxspeed": "30 mph",
        "name": "Lower Bristol Road",
        "ref": "A36",
        "sidewalk": "separate",
        "surface": "asphalt"
      },
      "geometry": {
        "type": "LineString",
        "coordinates": [
          [
            -2.3652808,
            51.3784131
          ],
          [
            -2.365221,
            51.3784053
          ],
          [
            -2.3651468,
            51.3783925
          ],
          [
            -2.3648754,
            51.3783472
          ],
          [
            -2.3647485,
            51.3783206
          ]
        ]
      },
      "id": "way/1346459768"
    },
    {
      "type": "Feature",
      "properties": {
        "@id": "way/1346459769",
        "highway": "trunk",
        "lanes": "2",
        "lit": "yes",
        "maxspeed": "30 mph",
        "name": "Lower Bristol Road",
        "ref": "A36",
        "sidewalk": "separate",
        "surface": "asphalt"
      },
      "geometry": {
        "type": "LineString",
        "coordinates": [
          [
            -2.3647485,
            51.3783206
          ],
          [
            -2.364309,
            51.3782157
          ],
          [
            -2.3636703,
            51.3780517
          ]
        ]
      },
      "id": "way/1346459769"
    },
    {
      "type": "Feature",
      "properties": {
        "@id": "way/1346459770",
        "highway": "trunk",
        "lanes": "2",
        "lit": "yes",
        "maxspeed": "30 mph",
        "name": "Lower Bristol Road",
        "ref": "A36",
        "sidewalk": "separate",
        "surface": "asphalt"
      },
      "geometry": {
        "type": "LineString",
        "coordinates": [
          [
            -2.3636703,
            51.3780517
          ],
          [
            -2.3634688,
            51.378
          ],
          [
            -2.3633165,
            51.3779609
          ]
        ]
      },
      "id": "way/1346459770"
    },
    {
      "type": "Feature",
      "properties": {
        "@id": "way/1346459771",
        "highway": "trunk",
        "lanes": "2",
        "lit": "yes",
        "maxspeed": "30 mph",
        "name": "Lower Bristol Road",
        "ref": "A36",
        "sidewalk": "separate",
        "surface": "asphalt"
      },
      "geometry": {
        "type": "LineString",
        "coordinates": [
          [
            -2.3633165,
            51.3779609
          ],
          [
            -2.3629459,
            51.3778658
          ],
          [
            -2.3628469,
            51.3778409
          ]
        ]
      },
      "id": "way/1346459771"
    },
    {
      "type": "Feature",
      "properties": {
        "@id": "way/1346459772",
        "highway": "trunk",
        "lanes": "2",
        "lit": "yes",
        "maxspeed": "30 mph",
        "name": "Lower Bristol Road",
        "ref": "A36",
        "sidewalk": "separate",
        "surface": "asphalt"
      },
      "geometry": {
        "type": "LineString",
        "coordinates": [
          [
            -2.3628469,
            51.3778409
          ],
          [
            -2.3623008,
            51.3776936
          ],
          [
            -2.3620189,
            51.3776217
          ],
          [
            -2.3616445,
            51.3775355
          ]
        ]
      },
      "id": "way/1346459772"
    },
    {
      "type": "Feature",
      "properties": {
        "@id": "way/1346459773",
        "highway": "trunk",
        "lanes": "2",
        "maxspeed": "30 mph",
        "name": "Lower Bristol Road",
        "ref": "A36",
        "sidewalk": "separate",
        "surface": "asphalt"
      },
      "geometry": {
        "type": "LineString",
        "coordinates": [
          [
            -2.3704511,
            51.379588
          ],
          [
            -2.3699009,
            51.3794013
          ]
        ]
      },
      "id": "way/1346459773"
    },
    {
      "type": "Feature",
      "properties": {
        "@id": "way/1346459774",
        "highway": "trunk",
        "lanes": "2",
        "maxspeed": "30 mph",
        "name": "Lower Bristol Road",
        "ref": "A36",
        "sidewalk": "separate",
        "surface": "asphalt"
      },
      "geometry": {
        "type": "LineString",
        "coordinates": [
          [
            -2.3699009,
            51.3794013
          ],
          [
            -2.3698375,
            51.3793825
          ]
        ]
      },
      "id": "way/1346459774"
    },
    {
      "type": "Feature",
      "properties": {
        "@id": "way/1346459775",
        "highway": "trunk",
        "lanes": "2",
        "maxspeed": "30 mph",
        "name": "Lower Bristol Road",
        "ref": "A36",
        "sidewalk": "separate",
        "surface": "asphalt"
      },
      "geometry": {
        "type": "LineString",
        "coordinates": [
          [
            -2.3698375,
            51.3793825
          ],
          [
            -2.3696214,
            51.3793061
          ]
        ]
      },
      "id": "way/1346459775"
    },
    {
      "type": "Feature",
      "properties": {
        "@id": "way/1346459776",
        "highway": "trunk",
        "lanes": "2",
        "maxspeed": "30 mph",
        "name": "Lower Bristol Road",
        "ref": "A36",
        "sidewalk": "separate",
        "surface": "asphalt"
      },
      "geometry": {
        "type": "LineString",
        "coordinates": [
          [
            -2.3696214,
            51.3793061
          ],
          [
            -2.3693442,
            51.3792118
          ],
          [
            -2.3684435,
            51.3789087
          ]
        ]
      },
      "id": "way/1346459776"
    },
    {
      "type": "Feature",
      "properties": {
        "@id": "way/1368613087",
        "highway": "primary",
        "lanes": "2",
        "maxspeed": "20 mph",
        "maxweight": "7.5",
        "maxweight:conditional": "none @ delivery",
        "name": "Queen Square",
        "oneway": "yes",
        "ref": "A4",
        "surface": "asphalt",
        "turn:lanes": "|merge_to_left"
      },
      "geometry": {
        "type": "LineString",
        "coordinates": [
          [
            -2.3629832,
            51.3832453
          ],
          [
            -2.3629797,
            51.3832141
          ],
          [
            -2.362988,
            51.3831904
          ]
        ]
      },
      "id": "way/1368613087"
    },
    {
      "type": "Feature",
      "properties": {
        "@id": "way/1395137912",
        "highway": "trunk",
        "lanes": "2",
        "maxspeed": "30 mph",
        "name": "Lower Bristol Road",
        "ref": "A36",
        "surface": "asphalt"
      },
      "geometry": {
        "type": "LineString",
        "coordinates": [
          [
            -2.3903296,
            51.3803959
          ],
          [
            -2.3905443,
            51.3804109
          ],
          [
            -2.3905908,
            51.3804145
          ],
          [
            -2.391025,
            51.3804574
          ],
          [
            -2.3915715,
            51.3804889
          ],
          [
            -2.3920013,
            51.3805417
          ],
          [
            -2.3927224,
            51.380634
          ]
        ]
      },
      "id": "way/1395137912"
    },
    {
      "type": "Feature",
      "properties": {
        "@id": "way/1395137913",
        "highway": "trunk",
        "lanes": "2",
        "lit": "yes",
        "maxspeed": "30 mph",
        "name": "Lower Bristol Road",
        "ref": "A36",
        "surface": "asphalt"
      },
      "geometry": {
        "type": "LineString",
        "coordinates": [
          [
            -2.3927224,
            51.380634
          ],
          [
            -2.3927742,
            51.3806417
          ],
          [
            -2.3930802,
            51.3806912
          ],
          [
            -2.3933863,
            51.3807407
          ],
          [
            -2.3939606,
            51.3808507
          ],
          [
            -2.3945589,
            51.3809718
          ],
          [
            -2.3953738,
            51.3811721
          ],
          [
            -2.395859,
            51.3812914
          ],
          [
            -2.3960218,
            51.3813331
          ],
          [
            -2.3962943,
            51.3814016
          ],
          [
            -2.3968063,
            51.3815383
          ],
          [
            -2.3972714,
            51.3816764
          ],
          [
            -2.3977085,
            51.3818167
          ],
          [
            -2.3981039,
            51.381949
          ],
          [
            -2.398307,
            51.3820355
          ],
          [
            -2.3985435,
            51.3821506
          ]
        ]
      },
      "id": "way/1395137913"
    },
    {
      "type": "Feature",
      "properties": {
        "@id": "way/1395137914",
        "highway": "tertiary",
        "maxspeed": "20 mph",
        "name": "High Street"
      },
      "geometry": {
        "type": "LineString",
        "coordinates": [
          [
            -2.3916924,
            51.3800666
          ],
          [
            -2.3917675,
            51.3800752
          ],
          [
            -2.3920067,
            51.3800737
          ],
          [
            -2.3921797,
            51.3800674
          ],
          [
            -2.392213,
            51.3800674
          ],
          [
            -2.3925826,
            51.380045
          ],
          [
            -2.3929143,
            51.3800154
          ]
        ]
      },
      "id": "way/1395137914"
    },
    {
      "type": "Feature",
      "properties": {
        "@id": "way/1395713265",
        "fixme": "Where is the sign for the start of the 3.5t mgw goods vehicle restriction? #surveyme",
        "hgv": "delivery",
        "highway": "tertiary",
        "lane_markings": "yes",
        "lanes": "2",
        "lit": "yes",
        "maxspeed": "20 mph",
        "maxspeed:type": "sign",
        "maxweightrating:goods": "3.5",
        "name": "Lansdown Road",
        "oneway": "no",
        "surface": "asphalt",
        "wikidata": "Q117049204"
      },
      "geometry": {
        "type": "LineString",
        "coordinates": [
          [
            -2.3620883,
            51.3888733
          ],
          [
            -2.3620247,
            51.3888149
          ],
          [
            -2.3619425,
            51.3887099
          ],
          [
            -2.3618866,
            51.3886313
          ],
          [
            -2.3617439,
            51.3884022
          ],
          [
            -2.361673,
            51.3882925
          ],
          [
            -2.3616057,
            51.3881884
          ],
          [
            -2.3615568,
            51.3881118
          ],
          [
            -2.3615144,
            51.3880048
          ],
          [
            -2.3614802,
            51.3878968
          ],
          [
            -2.3614541,
            51.3876881
          ],
          [
            -2.3614359,
            51.387467
          ],
          [
            -2.3614284,
            51.3873862
          ],
          [
            -2.3614282,
            51.3873562
          ],
          [
            -2.3613977,
            51.3869042
          ],
          [
            -2.3613799,
            51.3867558
          ],
          [
            -2.3612672,
            51.3861937
          ],
          [
            -2.3612418,
            51.3860984
          ],
          [
            -2.3612258,
            51.3860649
          ],
          [
            -2.3610094,
            51.385664
          ],
          [
            -2.3609215,
            51.3855054
          ],
          [
            -2.360868,
            51.3854521
          ],
          [
            -2.3608212,
            51.3854165
          ],
          [
            -2.3607832,
            51.3853736
          ],
          [
            -2.3607605,
            51.3852931
          ],
          [
            -2.3607658,
            51.3852063
          ]
        ]
      },
      "id": "way/1395713265"
    },
    {
      "type": "Feature",
      "properties": {
        "@id": "way/1395717916",
        "bus_bay": "both",
        "cycleway:both": "no",
        "highway": "primary",
        "lanes": "2",
        "lit": "yes",
        "maxspeed": "20 mph",
        "name": "Dorchester Street",
        "ref": "A3039",
        "sidewalk:both": "separate",
        "surface": "asphalt"
      },
      "geometry": {
        "type": "LineString",
        "coordinates": [
          [
            -2.3587578,
            51.3779863
          ],
          [
            -2.3593768,
            51.3780312
          ]
        ]
      },
      "id": "way/1395717916"
    },
    {
      "type": "Feature",
      "properties": {
        "@id": "way/1512633116",
        "access": "no",
        "highway": "primary",
        "lanes": "2",
        "lit": "yes",
        "maxspeed": "20 mph",
        "name": "Manvers Street",
        "note": "Road closed for vault repairs 26th May - 23rd Nov.",
        "ref": "A3039",
        "surface": "asphalt",
        "wikidata": "Q117090048"
      },
      "geometry": {
        "type": "LineString",
        "coordinates": [
          [
            -2.3570487,
            51.3786288
          ],
          [
            -2.3570471,
            51.3785929
          ],
          [
            -2.35703,
            51.3781987
          ],
          [
            -2.357023,
            51.3780361
          ],
          [
            -2.35702,
            51.3779273
          ]
        ]
      },
      "id": "way/1512633116"
    },
    {
      "type": "Feature",
      "properties": {
        "@id": "way/1524822263",
        "footway": "sidewalk",
        "highway": "footway",
        "lit": "yes",
        "name": "Monmouth Street",
        "street:name": "Monmouth Street",
        "surface": "paving_stones"
      },
      "geometry": {
        "type": "LineString",
        "coordinates": [
          [
            -2.3648909,
            51.3824014
          ],
          [
            -2.3648022,
            51.382409
          ],
          [
            -2.3640547,
            51.3821093
          ],
          [
            -2.3637208,
            51.3819624
          ],
          [
            -2.3634744,
            51.3818324
          ],
          [
            -2.3633727,
            51.3817723
          ],
          [
            -2.3633193,
            51.3817406
          ],
          [
            -2.3632009,
            51.3816706
          ],
          [
            -2.3630397,
            51.3815492
          ],
          [
            -2.3629647,
            51.3814927
          ]
        ]
      },
      "id": "way/1524822263"
    },
    {
      "type": "Feature",
      "properties": {
        "@id": "way/1524834297",
        "cycleway:left": "no",
        "cycleway:right": "separate",
        "highway": "tertiary",
        "lane_markings": "no",
        "lit": "yes",
        "maxspeed": "20 mph",
        "name": "Monmouth Street",
        "oneway": "yes",
        "sidewalk:both": "separate",
        "surface": "asphalt"
      },
      "geometry": {
        "type": "LineString",
        "coordinates": [
          [
            -2.3639526,
            51.3821227
          ],
          [
            -2.3644707,
            51.3823341
          ],
          [
            -2.364665,
            51.3824144
          ],
          [
            -2.3648243,
            51.3824852
          ],
          [
            -2.3648806,
            51.3825095
          ],
          [
            -2.3649794,
            51.3825569
          ]
        ]
      },
      "id": "way/1524834297"
    },
    {
      "type": "Feature",
      "properties": {
        "@id": "way/1524834743",
        "cycleway:left": "no",
        "cycleway:right": "separate",
        "highway": "tertiary",
        "lane_markings": "no",
        "lit": "yes",
        "maxspeed": "20 mph",
        "name": "Monmouth Street",
        "oneway": "yes",
        "sidewalk:left": "separate",
        "sidewalk:right": "yes",
        "sidewalk:right:surface": "paving_stones",
        "surface": "asphalt"
      },
      "geometry": {
        "type": "LineString",
        "coordinates": [
          [
            -2.362653,
            51.3813571
          ],
          [
            -2.362739,
            51.3813914
          ],
          [
            -2.3627529,
            51.3814009
          ],
          [
            -2.363007,
            51.3815692
          ]
        ]
      },
      "id": "way/1524834743"
    },
    {
      "type": "Feature",
      "properties": {
        "@id": "way/1525064851",
        "footway": "sidewalk",
        "highway": "footway",
        "lit": "yes",
        "name": "Monmouth Street",
        "street:name": "Monmouth Street",
        "surface": "paving_stones"
      },
      "geometry": {
        "type": "LineString",
        "coordinates": [
          [
            -2.3629647,
            51.3814927
          ],
          [
            -2.3628081,
            51.3813773
          ],
          [
            -2.3627363,
            51.3813481
          ],
          [
            -2.3625798,
            51.3812837
          ],
          [
            -2.3625632,
            51.3812685
          ]
        ]
      },
      "id": "way/1525064851"
    },
    {
      "type": "Feature",
      "properties": {
        "@id": "way/1525111439",
        "cycleway:both": "no",
        "highway": "primary",
        "lanes": "2",
        "lit": "yes",
        "maxspeed": "30 mph",
        "name": "Upper Bristol Road",
        "proposed:maxspeed": "20 mph",
        "ref": "A4",
        "sidewalk": "right",
        "sidewalk:right:surface": "asphalt",
        "surface": "asphalt"
      },
      "geometry": {
        "type": "LineString",
        "coordinates": [
          [
            -2.38162,
            51.3847598
          ],
          [
            -2.3817202,
            51.384726
          ]
        ]
      },
      "id": "way/1525111439"
    },
    {
      "type": "Feature",
      "properties": {
        "@id": "way/1525112638",
        "highway": "trunk",
        "lanes": "3",
        "lanes:forward": "2",
        "lit": "yes",
        "maxspeed": "30 mph",
        "name": "Lower Bristol Road",
        "ref": "A36",
        "sidewalk": "right",
        "surface": "asphalt"
      },
      "geometry": {
        "type": "LineString",
        "coordinates": [
          [
            -2.3807837,
            51.382079
          ],
          [
            -2.3808546,
            51.3820891
          ],
          [
            -2.3809068,
            51.3820954
          ]
        ]
      },
      "id": "way/1525112638"
    },
    {
      "type": "Feature",
      "properties": {
        "@id": "way/1525112639",
        "highway": "trunk",
        "lanes": "3",
        "lanes:forward": "2",
        "lit": "yes",
        "maxspeed": "30 mph",
        "name": "Lower Bristol Road",
        "ref": "A36",
        "sidewalk": "no",
        "surface": "asphalt"
      },
      "geometry": {
        "type": "LineString",
        "coordinates": [
          [
            -2.3809068,
            51.3820954
          ],
          [
            -2.381015,
            51.3821086
          ],
          [
            -2.3810755,
            51.3821161
          ],
          [
            -2.3811193,
            51.3821226
          ],
          [
            -2.3812442,
            51.3821367
          ]
        ]
      },
      "id": "way/1525112639"
    },
    {
      "type": "Feature",
      "properties": {
        "@id": "way/1525140125",
        "highway": "trunk",
        "lanes": "2",
        "maxspeed": "30 mph",
        "name": "Lower Bristol Road",
        "ref": "A36",
        "surface": "asphalt"
      },
      "geometry": {
        "type": "LineString",
        "coordinates": [
          [
            -2.3820909,
            51.3821494
          ],
          [
            -2.3823779,
            51.3821174
          ],
          [
            -2.3826254,
            51.3820799
          ],
          [
            -2.3826769,
            51.3820691
          ]
        ]
      },
      "id": "way/1525140125"
    },
    {
      "type": "Feature",
      "properties": {
        "@id": "way/1525140126",
        "highway": "trunk",
        "lanes": "2",
        "maxspeed": "30 mph",
        "name": "Lower Bristol Road",
        "ref": "A36",
        "surface": "asphalt"
      },
      "geometry": {
        "type": "LineString",
        "coordinates": [
          [
            -2.3830451,
            51.381986
          ],
          [
            -2.3831867,
            51.3819532
          ],
          [
            -2.383761,
            51.3818139
          ]
        ]
      },
      "id": "way/1525140126"
    },
    {
      "type": "Feature",
      "properties": {
        "@id": "way/1525140422",
        "highway": "trunk",
        "lanes": "2",
        "lit": "yes",
        "maxspeed": "30 mph",
        "name": "Lower Bristol Road",
        "ref": "A36",
        "sidewalk:both": "separate",
        "surface": "asphalt"
      },
      "geometry": {
        "type": "LineString",
        "coordinates": [
          [
            -2.3826769,
            51.3820691
          ],
          [
            -2.3830451,
            51.381986
          ]
        ]
      },
      "id": "way/1525140422"
    },
    {
      "type": "Feature",
      "properties": {
        "@id": "way/1525331423",
        "highway": "unclassified",
        "lane_markings": "no",
        "lanes": "1",
        "maxspeed": "20 mph",
        "motor_vehicle:conditional": "no @ (10:00-18:00)",
        "name": "New Bond Street",
        "oneway": "yes",
        "source:width": "ARCore",
        "surface": "asphalt",
        "width": "5.6",
        "wikidata": "Q117303636"
      },
      "geometry": {
        "type": "LineString",
        "coordinates": [
          [
            -2.3610319,
            51.3831106
          ],
          [
            -2.360986,
            51.3830848
          ],
          [
            -2.3609641,
            51.3830748
          ]
        ]
      },
      "id": "way/1525331423"
    },
    {
      "type": "Feature",
      "properties": {
        "@id": "way/1528556270",
        "access": "no",
        "highway": "primary",
        "lanes": "2",
        "lit": "yes",
        "maxspeed": "20 mph",
        "name": "Manvers Street",
        "note": "Road closed for vault repairs 26th May - 23rd Nov.",
        "ref": "A3039",
        "surface": "asphalt",
        "wikidata": "Q117090048"
      },
      "geometry": {
        "type": "LineString",
        "coordinates": [
          [
            -2.3570856,
            51.3794809
          ],
          [
            -2.3570803,
            51.3793574
          ],
          [
            -2.3570693,
            51.3791054
          ],
          [
            -2.3570615,
            51.3789237
          ],
          [
            -2.3570487,
            51.3786288
          ]
        ]
      },
      "id": "way/1528556270"
    },
    {
      "type": "Feature",
      "properties": {
        "@id": "node/6605149668",
        "addr:city": "Bath",
        "addr:postcode": "BA1 1SU",
        "addr:street": "Dorchester Street",
        "alt_name": "Bath Station;Bath Spa",
        "name": "Bath Spa",
        "name:be": "Бат Спа",
        "name:en": "Bath Spa",
        "name:ru": "Бат Спа",
        "name:uk": "Бат Спа",
        "naptan:AtcoCode": "9100BATHSPA",
        "network": "National Rail",
        "network:website": "https://www.nationalrail.co.uk/stations/bth/",
        "network:wikidata": "Q26334",
        "official_name": "Bath Spa railway station",
        "operator": "Great Western Railway",
        "operator:website": "https://www.gwr.com/stations-and-destinations/stations/bath-spa",
        "operator:wikidata": "Q1419438",
        "platforms": "2",
        "public_transport": "station",
        "railway": "station",
        "ref:crs": "BTH",
        "short_name": "Bath Spa",
        "station": "train",
        "toilets:wheelchair": "yes",
        "train": "yes",
        "uic_ref": "7000353",
        "wheelchair": "yes",
        "wheelchair:description": "Station has lifts available, book assistance ahead of time for boarding ramp. Radar toilet available, key available from staff.",
        "wikidata": "Q637185",
        "wikipedia": "en:Bath Spa railway station"
      },
      "geometry": {
        "type": "Point",
        "coordinates": [
          -2.3567189,
          51.3776019
        ]
      },
      "id": "node/6605149668"
    }
  ]
}